Problem Code	 Text 	 Right Ans 	 Difficulty 	 Chapter 	 Chapter Code 	 Code
P028815	282	759	b	3	Basic Concepts of Chemistry	CHM-11-JEE-01	SB-C-01-17
P028814	282	283	d	2	Basic Concepts of Chemistry	CHM-11-JEE-01	SB-C-01-17
P028813	217	244	a	2	Basic Concepts of Chemistry	CHM-11-JEE-01	SB-C-01-17
P028812	348	293	c	2	Basic Concepts of Chemistry	CHM-11-JEE-01	SB-C-01-17
P028811	170	309	c	2	Basic Concepts of Chemistry	CHM-11-JEE-01	SB-C-01-17
P028810	108	214	d	2	Basic Concepts of Chemistry	CHM-11-JEE-01	SB-C-01-17
P028809	297	355	a	3	Basic Concepts of Chemistry	CHM-11-JEE-01	SB-C-01-17
P028808	173	544	c	3	Basic Concepts of Chemistry	CHM-11-JEE-01	SB-C-01-17
P028807	137	192	c	2	Basic Concepts of Chemistry	CHM-11-JEE-01	SB-C-01-17
P028806	167	98	c	2	Basic Concepts of Chemistry	CHM-11-JEE-01	SB-C-01-17
P002186	115	265	a	1	Basic Concepts of Chemistry	CHM-11-JEE-01	SB-C-01-17
P002188	256	58	b	1	Basic Concepts of Chemistry	CHM-11-JEE-01	SB-C-01-17
P002189	311	717	d	1	Basic Concepts of Chemistry	CHM-11-JEE-01	SB-C-01-17
P002191	311	536	b	2	Basic Concepts of Chemistry	CHM-11-JEE-01	SB-C-01-17
P002193	272	1459	c	3	Basic Concepts of Chemistry	CHM-11-JEE-01	SB-C-01-17
P002199	193	292	b	1	Basic Concepts of Chemistry	CHM-11-JEE-01	SB-C-01-17
P002200	230	421	b	2	Basic Concepts of Chemistry	CHM-11-JEE-01	SB-C-01-17
P002201	193	324	d	2	Basic Concepts of Chemistry	CHM-11-JEE-01	SB-C-01-17
P002202	124	420	d	2	Basic Concepts of Chemistry	CHM-11-JEE-01	SB-C-01-17
P002204	50	90	c	2	Basic Concepts of Chemistry	CHM-11-JEE-01	SB-C-01-17
P030801	166	636	b	2	Atomic Structure 	CHM-11-JEE-02	SB-C-02-17
P030792	54	91	b	1	Atomic Structure 	CHM-11-JEE-02	SB-C-02-17
P021132	299	358	b	3	Atomic Structure 	CHM-11-JEE-02	SB-C-02-17
P002212	109	568	c	1	Atomic Structure 	CHM-11-JEE-02	SB-C-02-17
P002225	293	319	d	2	Atomic Structure 	CHM-11-JEE-02	SB-C-02-17
P002219	79	155	b	1	Atomic Structure 	CHM-11-JEE-02	SB-C-02-17
P002223	156	6855	c	2	Atomic Structure 	CHM-11-JEE-02	SB-C-02-17
P002228	150	262	c	2	Atomic Structure 	CHM-11-JEE-02	SB-C-02-17
P021130	212	569	c	3	Atomic Structure 	CHM-11-JEE-02	SB-C-02-17
P031029	142	158	a	1	Atomic Structure 	CHM-11-JEE-02	SB-C-02-17
P021131	187	393	b	3	Atomic Structure 	CHM-11-JEE-02	SB-C-02-17
P031030	59	207	c	2	Atomic Structure 	CHM-11-JEE-02	SB-C-02-17
P031055	34	752	a	2	Atomic Structure 	CHM-11-JEE-02	SB-C-02-17
P031046	111	146	b	2	Atomic Structure 	CHM-11-JEE-02	SB-C-02-17
P031047	173	524	a	2	Atomic Structure 	CHM-11-JEE-02	SB-C-02-17
P031110	352	407	b	3	Atomic Structure 	CHM-11-JEE-02	SB-C-02-17
P031057	217	122	d	2	Atomic Structure 	CHM-11-JEE-02	SB-C-02-17
P031115	49	118	c	1	Atomic Structure 	CHM-11-JEE-02	SB-C-02-17
P031059	461	811	b	3	Atomic Structure 	CHM-11-JEE-02	SB-C-02-17
P031113	265	499	d	2	Atomic Structure 	CHM-11-JEE-02	SB-C-02-17
P002255	100	590	d	1	Periodic Properties of Elements	CHM-11-JEE-03	SB-C-03-17
P002260	195	432	a	2	Periodic Properties of Elements	CHM-11-JEE-03	SB-C-03-17
P002266	192	269	a	2	Periodic Properties of Elements	CHM-11-JEE-03	SB-C-03-17
P002253	101	110	a	1	Periodic Properties of Elements	CHM-11-JEE-03	SB-C-03-17
P002257	142	186	d	2	Periodic Properties of Elements	CHM-11-JEE-03	SB-C-03-17
P002267	136	279	c	2	Periodic Properties of Elements	CHM-11-JEE-03	SB-C-03-17
P002270	219	315	c	2	Periodic Properties of Elements	CHM-11-JEE-03	SB-C-03-17
P002252	94	252	b	2	Periodic Properties of Elements	CHM-11-JEE-03	SB-C-03-17
P002249	155	370	d	1	Periodic Properties of Elements	CHM-11-JEE-03	SB-C-03-17
P002246	145	38	a	1	Periodic Properties of Elements	CHM-11-JEE-03	SB-C-03-17
P002269	49	315	b	2	Periodic Properties of Elements	CHM-11-JEE-03	SB-C-03-17
P034517	265	772	c	3	Periodic Properties of Elements	CHM-11-JEE-03	SB-C-03-17
P034519	537	350	d	2	Periodic Properties of Elements	CHM-11-JEE-03	SB-C-03-17
P034524	123	248	c	1	Periodic Properties of Elements	CHM-11-JEE-03	SB-C-03-17
P034540	172	324	c	3	Periodic Properties of Elements	CHM-11-JEE-03	SB-C-03-17
P034492	109	364	c	2	Periodic Properties of Elements	CHM-11-JEE-03	SB-C-03-17
P034530	78	255	b	1	Periodic Properties of Elements	CHM-11-JEE-03	SB-C-03-17
P034537	91	69	d	1	Periodic Properties of Elements	CHM-11-JEE-03	SB-C-03-17
P034526	363	655	b	2	Periodic Properties of Elements	CHM-11-JEE-03	SB-C-03-17
P034500	572	134	d	2	Periodic Properties of Elements	CHM-11-JEE-03	SB-C-03-17
P038272	138	6031	d	2	Chemical Bonding 	CHM-11-JEE-04	SB-C-04-17
P038280	172	13665	a	3	Chemical Bonding 	CHM-11-JEE-04	SB-C-04-17
P002282	132	9328	d	2	Chemical Bonding 	CHM-11-JEE-04	SB-C-04-17
P002278	155	4110	c	2	Chemical Bonding 	CHM-11-JEE-04	SB-C-04-17
P002286	247	10402	c	3	Chemical Bonding 	CHM-11-JEE-04	SB-C-04-17
P038267	107	561	c	2	Chemical Bonding 	CHM-11-JEE-04	SB-C-04-17
P038278	49	208	a	2	Chemical Bonding 	CHM-11-JEE-04	SB-C-04-17
P038268	103	13923	d	2	Chemical Bonding 	CHM-11-JEE-04	SB-C-04-17
P002281	76	3741	a	2	Chemical Bonding 	CHM-11-JEE-04	SB-C-04-17
P038270	50	84	b	1	Chemical Bonding 	CHM-11-JEE-04	SB-C-04-17
P038273	138	127	a	3	Chemical Bonding 	CHM-11-JEE-04	SB-C-04-17
P002272	5539	5623	b	1	Chemical Bonding 	CHM-11-JEE-04	SB-C-04-17
P002287	86	358	b	2	Chemical Bonding 	CHM-11-JEE-04	SB-C-04-17
P002285	139	29039	d	2	Chemical Bonding 	CHM-11-JEE-04	SB-C-04-17
P038276	78	103	c	2	Chemical Bonding 	CHM-11-JEE-04	SB-C-04-17
P002274	133	266	d	1	Chemical Bonding 	CHM-11-JEE-04	SB-C-04-17
P038269	51	85	a	1	Chemical Bonding 	CHM-11-JEE-04	SB-C-04-17
P002279	100	41406	d	3	Chemical Bonding 	CHM-11-JEE-04	SB-C-04-17
P016964	113	20401	b	1	Chemical Bonding 	CHM-11-JEE-04	SB-C-04-17
P002283	94	16043	d	3	Chemical Bonding 	CHM-11-JEE-04	SB-C-04-17
P002388	234	341	a	2	States of Matter	CHM-11-JEE-05	SB-C-05-17
P018783	80	266	c	1	States of Matter	CHM-11-JEE-05	SB-C-05-17
P018811	287	983	b	3	States of Matter	CHM-11-JEE-05	SB-C-05-17
P026227	148	433	d	2	States of Matter	CHM-11-JEE-05	SB-C-05-17
P002395	544	460	c	3	States of Matter	CHM-11-JEE-05	SB-C-05-17
P039009	34223	460	c	3	States of Matter	CHM-11-JEE-05	SB-C-05-17
P039022	274	547	c	2	States of Matter	CHM-11-JEE-05	SB-C-05-17
P002387	83	303	d	2	States of Matter	CHM-11-JEE-05	SB-C-05-17
P002398	5271	7211	d	1	States of Matter	CHM-11-JEE-05	SB-C-05-17
P002392	186	4706	c	3	States of Matter	CHM-11-JEE-05	SB-C-05-17
P018806	190	678	c	2	States of Matter	CHM-11-JEE-05	SB-C-05-17
P002396	665	255	d	1	States of Matter	CHM-11-JEE-05	SB-C-05-17
P012193	211	702	c	3	States of Matter	CHM-11-JEE-05	SB-C-05-17
P005093	229	242	a	2	States of Matter	CHM-11-JEE-05	SB-C-05-17
P039010	415	301	d	2	States of Matter	CHM-11-JEE-05	SB-C-05-17
P004926	198	235	d	1	States of Matter	CHM-11-JEE-05	SB-C-05-17
P039015	232	241	d	2	States of Matter	CHM-11-JEE-05	SB-C-05-17
P002402	90	209	c	2	States of Matter	CHM-11-JEE-05	SB-C-05-17
P039017	111	372	d	2	States of Matter	CHM-11-JEE-05	SB-C-05-17
P002390	282	55843	b	3	States of Matter	CHM-11-JEE-05	SB-C-05-17
P002940	18511	681	a	3	Thermodynamics	CHM-11-JEE-06	SB-C-06-17
P019356	75	176	d	1	Thermodynamics	CHM-11-JEE-06	SB-C-06-17
P019330	132	258	b	3	Thermodynamics	CHM-11-JEE-06	SB-C-06-17
P019374	138	614	b	3	Thermodynamics	CHM-11-JEE-06	SB-C-06-17
P019304	564	298	a	2	Thermodynamics	CHM-11-JEE-06	SB-C-06-17
P019341	377	792	c	2	Thermodynamics	CHM-11-JEE-06	SB-C-06-17
P019349	200	540	b	2	Thermodynamics	CHM-11-JEE-06	SB-C-06-17
P019346	12761	211	d	2	Thermodynamics	CHM-11-JEE-06	SB-C-06-17
P019354	8090	449	c	3	Thermodynamics	CHM-11-JEE-06	SB-C-06-17
P019358	311	73	b	1	Thermodynamics	CHM-11-JEE-06	SB-C-06-17
P039704	29	131	a	1	Thermodynamics	CHM-11-JEE-06	SB-C-06-17
P039712	267	289	b	2	Thermodynamics	CHM-11-JEE-06	SB-C-06-17
P039705	512	353	b	2	Thermodynamics	CHM-11-JEE-06	SB-C-06-17
P039706	172	303	d	1	Thermodynamics	CHM-11-JEE-06	SB-C-06-17
P039707	72	160	a	2	Thermodynamics	CHM-11-JEE-06	SB-C-06-17
P039708	106	158	a	1	Thermodynamics	CHM-11-JEE-06	SB-C-06-17
P039709	134	287	d	1	Thermodynamics	CHM-11-JEE-06	SB-C-06-17
P039713	453	442	c	2	Thermodynamics	CHM-11-JEE-06	SB-C-06-17
P039715	272	293	a	2	Thermodynamics	CHM-11-JEE-06	SB-C-06-17
P039716	146	286	d	2	Thermodynamics	CHM-11-JEE-06	SB-C-06-17
P002538	187	637	d	3	Chemical Equilibrium	CHM-11-JEE-07	SB-C-07-17
P002542	232	114	d	1	Chemical Equilibrium	CHM-11-JEE-07	SB-C-07-17
P002533	436	1637	a	2	Chemical Equilibrium	CHM-11-JEE-07	SB-C-07-17
P002534	352	852	d	2	Chemical Equilibrium	CHM-11-JEE-07	SB-C-07-17
P002539	243	880	b	2	Chemical Equilibrium	CHM-11-JEE-07	SB-C-07-17
P002543	132	241	d	1	Chemical Equilibrium	CHM-11-JEE-07	SB-C-07-17
P002531	89	199	d	2	Chemical Equilibrium	CHM-11-JEE-07	SB-C-07-17
P002532	170	100	d	1	Chemical Equilibrium	CHM-11-JEE-07	SB-C-07-17
P002536	21598	660	b	2	Chemical Equilibrium	CHM-11-JEE-07	SB-C-07-17
P002540	189	40207	b	3	Chemical Equilibrium	CHM-11-JEE-07	SB-C-07-17
P041144	125	169	b	1	Chemical Equilibrium	CHM-11-JEE-07	SB-C-07-17
P041150	323	140	b	2	Chemical Equilibrium	CHM-11-JEE-07	SB-C-07-17
P041153	139	58	b	1	Chemical Equilibrium	CHM-11-JEE-07	SB-C-07-17
P041163	479	797	a	3	Chemical Equilibrium	CHM-11-JEE-07	SB-C-07-17
P041190	362	180	d	1	Chemical Equilibrium	CHM-11-JEE-07	SB-C-07-17
P041155	101	338	c	2	Chemical Equilibrium	CHM-11-JEE-07	SB-C-07-17
P041193	11765	542	c	2	Chemical Equilibrium	CHM-11-JEE-07	SB-C-07-17
P041197	32088	97	b	2	Chemical Equilibrium	CHM-11-JEE-07	SB-C-07-17
P041825	219	312	c	3	Chemical Equilibrium	CHM-11-JEE-07	SB-C-07-17
P041826	108	427	d	2	Chemical Equilibrium	CHM-11-JEE-07	SB-C-07-17
P042259	61	480	b	2	Ionic Equilibrium	CHM-11-JEE-08	SB-C-08-17
P042250	144	229	c	2	Ionic Equilibrium	CHM-11-JEE-08	SB-C-08-17
P042247	381	459	a	2	Ionic Equilibrium	CHM-11-JEE-08	SB-C-08-17
P042239	75	517	d	2	Ionic Equilibrium	CHM-11-JEE-08	SB-C-08-17
P042236	73	206	a	2	Ionic Equilibrium	CHM-11-JEE-08	SB-C-08-17
P042235	283	288	a	2	Ionic Equilibrium	CHM-11-JEE-08	SB-C-08-17
P042234	69	584	d	2	Ionic Equilibrium	CHM-11-JEE-08	SB-C-08-17
P042233	129	224	b	2	Ionic Equilibrium	CHM-11-JEE-08	SB-C-08-17
P003782	166	489	b	1	Ionic Equilibrium	CHM-11-JEE-08	SB-C-08-17
P003788	345	252	c	2	Ionic Equilibrium	CHM-11-JEE-08	SB-C-08-17
P003802	264	22610	a	2	Ionic Equilibrium	CHM-11-JEE-08	SB-C-08-17
P003787	303	454	c	2	Ionic Equilibrium	CHM-11-JEE-08	SB-C-08-17
P018587	305	22604	d	2	Ionic Equilibrium	CHM-11-JEE-08	SB-C-08-17
P018583	198	650	a	3	Ionic Equilibrium	CHM-11-JEE-08	SB-C-08-17
P018550	52	88	c	1	Ionic Equilibrium	CHM-11-JEE-08	SB-C-08-17
P003803	167	250	a	1	Ionic Equilibrium	CHM-11-JEE-08	SB-C-08-17
P042906	93	487	b	2	Ionic Equilibrium	CHM-11-JEE-08	SB-C-08-17
P042911	202	151	d	2	Ionic Equilibrium	CHM-11-JEE-08	SB-C-08-17
P003799	205	24583	c	3	Ionic Equilibrium	CHM-11-JEE-08	SB-C-08-17
P003797	104	1208	d	2	Ionic Equilibrium	CHM-11-JEE-08	SB-C-08-17
P005442	246	637	c	2	Redox Reactions	CHM-11-JEE-09	SB-C-09-17
P005443	544	1158	b	3	Redox Reactions	CHM-11-JEE-09	SB-C-09-17
P020078	585	798	c	3	Redox Reactions	CHM-11-JEE-09	SB-C-09-17
P005445	156	673	a	2	Redox Reactions	CHM-11-JEE-09	SB-C-09-17
P020331	61	380	c	1	Redox Reactions	CHM-11-JEE-09	SB-C-09-17
P005447	246	285	c	2	Redox Reactions	CHM-11-JEE-09	SB-C-09-17
P005448	63	3945	c	1	Redox Reactions	CHM-11-JEE-09	SB-C-09-17
P005449	304	377	a	2	Redox Reactions	CHM-11-JEE-09	SB-C-09-17
P005451	271	356	b	2	Redox Reactions	CHM-11-JEE-09	SB-C-09-17
P005453	156	268	d	1	Redox Reactions	CHM-11-JEE-09	SB-C-09-17
P042037	858	953	a	2	Redox Reactions	CHM-11-JEE-09	SB-C-09-17
P018392	57	397	b	2	Redox Reactions	CHM-11-JEE-09	SB-C-09-17
P042029	52	260	b	1	Redox Reactions	CHM-11-JEE-09	SB-C-09-17
P042030	186	587	a	2	Redox Reactions	CHM-11-JEE-09	SB-C-09-17
P042035	82	125	d	1	Redox Reactions	CHM-11-JEE-09	SB-C-09-17
P042036	67	326	c	1	Redox Reactions	CHM-11-JEE-09	SB-C-09-17
P042039	171	972	d	2	Redox Reactions	CHM-11-JEE-09	SB-C-09-17
P042047	333	308	b	3	Redox Reactions	CHM-11-JEE-09	SB-C-09-17
P042055	415	942	d	3	Redox Reactions	CHM-11-JEE-09	SB-C-09-17
P042064	295	1045	d	2	Redox Reactions	CHM-11-JEE-09	SB-C-09-17
P020571	160	270	b	1	Hydrogen	CHM-11-JEE-10	SB-C-10-17
P020547	95	50	b	2	Hydrogen	CHM-11-JEE-10	SB-C-10-17
P046524	349	308	a	3	Hydrogen	CHM-11-JEE-10	SB-C-10-17
P020532	236	38302	d	2	Hydrogen	CHM-11-JEE-10	SB-C-10-17
P046452	41	114	c	1	Hydrogen	CHM-11-JEE-10	SB-C-10-17
P046473	76	241	d	2	Hydrogen	CHM-11-JEE-10	SB-C-10-17
P046523	113	516	b	2	Hydrogen	CHM-11-JEE-10	SB-C-10-17
P046474	192	148	d	2	Hydrogen	CHM-11-JEE-10	SB-C-10-17
P020562	255	728	b	3	Hydrogen	CHM-11-JEE-10	SB-C-10-17
P020558	69	118	a	2	Hydrogen	CHM-11-JEE-10	SB-C-10-17
P020622	98	193	c	1	Hydrogen	CHM-11-JEE-10	SB-C-10-17
P020541	100	8762	a	2	Hydrogen	CHM-11-JEE-10	SB-C-10-17
P046457	68	846	d	3	Hydrogen	CHM-11-JEE-10	SB-C-10-17
P046471	85	384	d	2	Hydrogen	CHM-11-JEE-10	SB-C-10-17
P020516	67	183	b	1	Hydrogen	CHM-11-JEE-10	SB-C-10-17
P020554	231	504	a	3	Hydrogen	CHM-11-JEE-10	SB-C-10-17
P020567	283	183	c	1	Hydrogen	CHM-11-JEE-10	SB-C-10-17
P046466	59	8762	d	2	Hydrogen	CHM-11-JEE-10	SB-C-10-17
P046522	140	270	a	1	Hydrogen	CHM-11-JEE-10	SB-C-10-17
P046469	112	140	d	2	Hydrogen	CHM-11-JEE-10	SB-C-10-17
P020812	126	265	a	2	S block elements	CHM-11-JEE-11	SB-C-11-16
P020828	49	434	a	1	S block elements	CHM-11-JEE-11	SB-C-11-16
P020829	230	236	c	2	S block elements	CHM-11-JEE-11	SB-C-11-16
P020830	66	194	a	2	S block elements	CHM-11-JEE-11	SB-C-11-16
P020831	123	251	b	2	S block elements	CHM-11-JEE-11	SB-C-11-16
P020837	357	175	c	2	S block elements	CHM-11-JEE-11	SB-C-11-16
P020839	101	104	d	1	S block elements	CHM-11-JEE-11	SB-C-11-16
P020809	59	207	b	2	S block elements	CHM-11-JEE-11	SB-C-11-16
P020811	197	776	b	2	S block elements	CHM-11-JEE-11	SB-C-11-16
P020816	425	1033	c	3	S block elements	CHM-11-JEE-11	SB-C-11-16
P020840	367	292	d	2	S block elements	CHM-11-JEE-11	SB-C-11-16
P020844	776	200	b	1	S block elements	CHM-11-JEE-11	SB-C-11-16
P020846	99	752	c	3	S block elements	CHM-11-JEE-11	SB-C-11-16
P020850	73	199	a	2	S block elements	CHM-11-JEE-11	SB-C-11-16
P020966	144	416	c	2	S block elements	CHM-11-JEE-11	SB-C-11-16
P020602	24	365	c	2	P block - I	CHM-11-JEE-12	SB-C-12-16
P020584	374	440	c	3	P block - I	CHM-11-JEE-12	SB-C-12-16
P020585	64	164	c	2	P block - I	CHM-11-JEE-12	SB-C-12-16
P020587	124	305	c	2	P block - I	CHM-11-JEE-12	SB-C-12-16
P020588	128	653	c	2	P block - I	CHM-11-JEE-12	SB-C-12-16
P020591	286	749	b	2	P block - I	CHM-11-JEE-12	SB-C-12-16
P020593	31	344	a	1	P block - I	CHM-11-JEE-12	SB-C-12-16
P020596	57	94	a	2	P block - I	CHM-11-JEE-12	SB-C-12-16
P020597	81	196	c	1	P block - I	CHM-11-JEE-12	SB-C-12-16
P020601	103	184	c	2	P block - I	CHM-11-JEE-12	SB-C-12-16
P020603	237	186	c	2	P block - I	CHM-11-JEE-12	SB-C-12-16
P020607	259	93	d	2	P block - I	CHM-11-JEE-12	SB-C-12-16
P020609	88	113	c	1	P block - I	CHM-11-JEE-12	SB-C-12-16
P020611	61	121	c	2	P block - I	CHM-11-JEE-12	SB-C-12-16
P020701	395	756	d	3	P block - I	CHM-11-JEE-12	SB-C-12-16
P005671	91	210	d	2	Introduction to Organic Chemistry	CHM-11-JEE-13	SB-C-13-16
P005657	4403	657	c	2	Introduction to Organic Chemistry	CHM-11-JEE-13	SB-C-13-16
P005670	60	89	d	1	Introduction to Organic Chemistry	CHM-11-JEE-13	SB-C-13-16
P005666	111	291	c	2	Introduction to Organic Chemistry	CHM-11-JEE-13	SB-C-13-16
P005667	108	278	a	2	Introduction to Organic Chemistry	CHM-11-JEE-13	SB-C-13-16
P005661	102	3621	a	2	Introduction to Organic Chemistry	CHM-11-JEE-13	SB-C-13-16
P005660	2690	24735	b	2	Introduction to Organic Chemistry	CHM-11-JEE-13	SB-C-13-16
P005668	83	527	b	2	Introduction to Organic Chemistry	CHM-11-JEE-13	SB-C-13-16
P020807	24547	255	c	3	Introduction to Organic Chemistry	CHM-11-JEE-13	SB-C-13-16
P020802	80	300	a	1	Introduction to Organic Chemistry	CHM-11-JEE-13	SB-C-13-16
P005665	112	230	b	2	Introduction to Organic Chemistry	CHM-11-JEE-13	SB-C-13-16
P005658	7162	90	d	1	Introduction to Organic Chemistry	CHM-11-JEE-13	SB-C-13-16
P005664	87	690	b	2	Introduction to Organic Chemistry	CHM-11-JEE-13	SB-C-13-16
P020853	14059	17397	b	3	Introduction to Organic Chemistry	CHM-11-JEE-13	SB-C-13-16
P020861	35	6839	b	3	Introduction to Organic Chemistry	CHM-11-JEE-13	SB-C-13-16
P020676	90	7284	a	2	Hydrocarbons	CHM-11-JEE-14	SB-C-14-16
P020663	115	6472	d	2	Hydrocarbons	CHM-11-JEE-14	SB-C-14-16
P020685	970095	2898513	a	3	Hydrocarbons	CHM-11-JEE-14	SB-C-14-16
P020646	11766	27329	c	3	Hydrocarbons	CHM-11-JEE-14	SB-C-14-16
P020675	14900	8646	c	2	Hydrocarbons	CHM-11-JEE-14	SB-C-14-16
P020689	7464	15122	b	2	Hydrocarbons	CHM-11-JEE-14	SB-C-14-16
P020680	84	13541	b	2	Hydrocarbons	CHM-11-JEE-14	SB-C-14-16
P020678	90	252	c	1	Hydrocarbons	CHM-11-JEE-14	SB-C-14-16
P020673	127	4938	c	2	Hydrocarbons	CHM-11-JEE-14	SB-C-14-16
P020655	17566	197	b	2	Hydrocarbons	CHM-11-JEE-14	SB-C-14-16
P020652	23	63	a	2	Hydrocarbons	CHM-11-JEE-14	SB-C-14-16
P020682	121	158	a	2	Hydrocarbons	CHM-11-JEE-14	SB-C-14-16
P020648	124	7341	c	2	Hydrocarbons	CHM-11-JEE-14	SB-C-14-16
P020687	3374	7915	b	2	Hydrocarbons	CHM-11-JEE-14	SB-C-14-16
P020660	16174	11048	c	3	Hydrocarbons	CHM-11-JEE-14	SB-C-14-16
P006314	124	350	d	2	Solid State	CHM-12-JEE-15	SB-C-15-16
P006315	272	308	d	2	Solid State	CHM-12-JEE-15	SB-C-15-16
P006316	265	612	c	2	Solid State	CHM-12-JEE-15	SB-C-15-16
P006317	148	272	c	1	Solid State	CHM-12-JEE-15	SB-C-15-16
P006318	248	590	a	2	Solid State	CHM-12-JEE-15	SB-C-15-16
P006320	150	171	d	1	Solid State	CHM-12-JEE-15	SB-C-15-16
P006321	194	297	c	2	Solid State	CHM-12-JEE-15	SB-C-15-16
P006322	153	173	d	1	Solid State	CHM-12-JEE-15	SB-C-15-16
P006323	215	381	b	3	Solid State	CHM-12-JEE-15	SB-C-15-16
P006325	99	224	d	2	Solid State	CHM-12-JEE-15	SB-C-15-16
P006334	328	540	a	3	Solid State	CHM-12-JEE-15	SB-C-15-16
P006330	264	918	b	3	Solid State	CHM-12-JEE-15	SB-C-15-16
P006333	133	124	c	1	Solid State	CHM-12-JEE-15	SB-C-15-16
P006332	195	355	b	2	Solid State	CHM-12-JEE-15	SB-C-15-16
P006336	316	934	b	2	Solid State	CHM-12-JEE-15	SB-C-15-16
P006358	150	134	c	1	Solutions	CHM-12-JEE-16	SB-C-16-16
P006359	196	187	a	1	Solutions	CHM-12-JEE-16	SB-C-16-16
P006360	291	655	c	3	Solutions	CHM-12-JEE-16	SB-C-16-16
P006361	98	182	b	1	Solutions	CHM-12-JEE-16	SB-C-16-16
P006362	269	713	b	2	Solutions	CHM-12-JEE-16	SB-C-16-16
P006363	314	89	a	2	Solutions	CHM-12-JEE-16	SB-C-16-16
P006364	107	16104	d	1	Solutions	CHM-12-JEE-16	SB-C-16-16
P006366	81	110	c	1	Solutions	CHM-12-JEE-16	SB-C-16-16
P006367	248	521	c	2	Solutions	CHM-12-JEE-16	SB-C-16-16
P006369	146	176	b	2	Solutions	CHM-12-JEE-16	SB-C-16-16
P006370	375	486	a	3	Solutions	CHM-12-JEE-16	SB-C-16-16
P006371	210	410	d	2	Solutions	CHM-12-JEE-16	SB-C-16-16
P006373	915	455	d	3	Solutions	CHM-12-JEE-16	SB-C-16-16
P006374	172	392	d	2	Solutions	CHM-12-JEE-16	SB-C-16-16
P006375	180	661	d	2	Solutions	CHM-12-JEE-16	SB-C-16-16
P007562	145	116	c	1	Electrochemistry	CHM-12-JEE-17	SB-C-17-16
P007563	101	143	d	1	Electrochemistry	CHM-12-JEE-17	SB-C-17-16
P007564	98	170	d	1	Electrochemistry	CHM-12-JEE-17	SB-C-17-16
P007565	78	519	c	2	Electrochemistry	CHM-12-JEE-17	SB-C-17-16
P007567	235	443	a	2	Electrochemistry	CHM-12-JEE-17	SB-C-17-16
P007571	168	451	a	2	Electrochemistry	CHM-12-JEE-17	SB-C-17-16
P007572	266	380	a	2	Electrochemistry	CHM-12-JEE-17	SB-C-17-16
P007573	357	210	d	2	Electrochemistry	CHM-12-JEE-17	SB-C-17-16
P007574	259	162	d	1	Electrochemistry	CHM-12-JEE-17	SB-C-17-16
P007575	403	243	a	2	Electrochemistry	CHM-12-JEE-17	SB-C-17-16
P007576	335	940	a	3	Electrochemistry	CHM-12-JEE-17	SB-C-17-16
P007577	90	104	c	1	Electrochemistry	CHM-12-JEE-17	SB-C-17-16
P007578	379	2069	a	2	Electrochemistry	CHM-12-JEE-17	SB-C-17-16
P007579	260	706	a	3	Electrochemistry	CHM-12-JEE-17	SB-C-17-16
P021050	377	700	b	3	Electrochemistry	CHM-12-JEE-17	SB-C-17-16
P009323	171	301	b	1	Chemical Kinetics	CHM-12-JEE-18	SB-C-18-16
P009324	387	493	b	2	Chemical Kinetics	CHM-12-JEE-18	SB-C-18-16
P009470	7077	7327	a	2	Chemical Kinetics	CHM-12-JEE-18	SB-C-18-16
P009478	471	852	d	2	Chemical Kinetics	CHM-12-JEE-18	SB-C-18-16
P009480	251	202	c	1	Chemical Kinetics	CHM-12-JEE-18	SB-C-18-16
P009485	330	602	b	2	Chemical Kinetics	CHM-12-JEE-18	SB-C-18-16
P009487	663	1472	a	3	Chemical Kinetics	CHM-12-JEE-18	SB-C-18-16
P009490	126	500	d	2	Chemical Kinetics	CHM-12-JEE-18	SB-C-18-16
P009491	636	511	a	2	Chemical Kinetics	CHM-12-JEE-18	SB-C-18-16
P009492	408	658	a	2	Chemical Kinetics	CHM-12-JEE-18	SB-C-18-16
P009496	299	926	c	3	Chemical Kinetics	CHM-12-JEE-18	SB-C-18-16
P009499	528	417	d	1	Chemical Kinetics	CHM-12-JEE-18	SB-C-18-16
P009502	651	1113	d	2	Chemical Kinetics	CHM-12-JEE-18	SB-C-18-16
P009509	431	895	b	3	Chemical Kinetics	CHM-12-JEE-18	SB-C-18-16
P009510	168	515	d	1	Chemical Kinetics	CHM-12-JEE-18	SB-C-18-16
P009300	94	292	c	1	Surface Chemistry	CHM-12-JEE-19	SB-C-19-16
P009301	219	299	b	2	Surface Chemistry	CHM-12-JEE-19	SB-C-19-16
P009304	457	640	b	3	Surface Chemistry	CHM-12-JEE-19	SB-C-19-16
P009305	165	241	b	1	Surface Chemistry	CHM-12-JEE-19	SB-C-19-16
P009307	12762	368	b	2	Surface Chemistry	CHM-12-JEE-19	SB-C-19-16
P009310	1931	775	a	2	Surface Chemistry	CHM-12-JEE-19	SB-C-19-16
P009311	253	673	d	3	Surface Chemistry	CHM-12-JEE-19	SB-C-19-16
P009312	222	438	a	2	Surface Chemistry	CHM-12-JEE-19	SB-C-19-16
P009313	103	201	c	2	Surface Chemistry	CHM-12-JEE-19	SB-C-19-16
P009314	127	818	a	2	Surface Chemistry	CHM-12-JEE-19	SB-C-19-16
P009315	295	616	b	2	Surface Chemistry	CHM-12-JEE-19	SB-C-19-16
P009316	97	68	c	1	Surface Chemistry	CHM-12-JEE-19	SB-C-19-16
P009318	100	365	c	2	Surface Chemistry	CHM-12-JEE-19	SB-C-19-16
P009319	265	573	d	2	Surface Chemistry	CHM-12-JEE-19	SB-C-19-16
P009320	67	112	a	1	Surface Chemistry	CHM-12-JEE-19	SB-C-19-16
P009270	168564	394	d	2	Metallurgy	CHM-12-JEE-20	SB-C-20-16
P009272	74	149	a	2	Metallurgy	CHM-12-JEE-20	SB-C-20-16
P009274	131	126	a	2	Metallurgy	CHM-12-JEE-20	SB-C-20-16
P009279	329	720	b	3	Metallurgy	CHM-12-JEE-20	SB-C-20-16
P009284	287	462	c	2	Metallurgy	CHM-12-JEE-20	SB-C-20-16
P009285	129	244	b	1	Metallurgy	CHM-12-JEE-20	SB-C-20-16
P009287	78	78	c	1	Metallurgy	CHM-12-JEE-20	SB-C-20-16
P009288	48	229	d	1	Metallurgy	CHM-12-JEE-20	SB-C-20-16
P009289	47	351	b	1	Metallurgy	CHM-12-JEE-20	SB-C-20-16
P009291	101	242	c	2	Metallurgy	CHM-12-JEE-20	SB-C-20-16
P009294	943	446	a	2	Metallurgy	CHM-12-JEE-20	SB-C-20-16
P009295	946	136	b	1	Metallurgy	CHM-12-JEE-20	SB-C-20-16
P009296	24	43	a	1	Metallurgy	CHM-12-JEE-20	SB-C-20-16
P009297	29	47	b	1	Metallurgy	CHM-12-JEE-20	SB-C-20-16
P009298	125	80	d	1	Metallurgy	CHM-12-JEE-20	SB-C-20-16
P020884	53	204	b	1	P - Block Elements - II	CHM-12-JEE-21	SB-C-21-16
P020886	75	187	a	1	P - Block Elements - II	CHM-12-JEE-21	SB-C-21-16
P020891	230	527	d	3	P - Block Elements - II	CHM-12-JEE-21	SB-C-21-16
P020895	123	137	b	2	P - Block Elements - II	CHM-12-JEE-21	SB-C-21-16
P020900	263	352	c	3	P - Block Elements - II	CHM-12-JEE-21	SB-C-21-16
P020906	102	240	d	2	P - Block Elements - II	CHM-12-JEE-21	SB-C-21-16
P020908	56	190	c	2	P - Block Elements - II	CHM-12-JEE-21	SB-C-21-16
P020969	207	509	c	3	P - Block Elements - II	CHM-12-JEE-21	SB-C-21-16
P020971	79	151	a	1	P - Block Elements - II	CHM-12-JEE-21	SB-C-21-16
P020973	70	26663	c	2	P - Block Elements - II	CHM-12-JEE-21	SB-C-21-16
P020976	178	318	a	2	P - Block Elements - II	CHM-12-JEE-21	SB-C-21-16
P020977	87	73	c	1	P - Block Elements - II	CHM-12-JEE-21	SB-C-21-16
P020980	121	161	c	2	P - Block Elements - II	CHM-12-JEE-21	SB-C-21-16
P020984	127	164	b	2	P - Block Elements - II	CHM-12-JEE-21	SB-C-21-16
P020999	180	16292	d	2	P - Block Elements - II	CHM-12-JEE-21	SB-C-21-16
P020941	77	330	c	2	D and F Block Elements	CHM-12-JEE-22	SB-C-22-16
P020942	52	405	b	2	D and F Block Elements	CHM-12-JEE-22	SB-C-22-16
P020944	162	2366	a	1	D and F Block Elements	CHM-12-JEE-22	SB-C-22-16
P020947	359	734	b	2	D and F Block Elements	CHM-12-JEE-22	SB-C-22-16
P020949	409	831	b	3	D and F Block Elements	CHM-12-JEE-22	SB-C-22-16
P020950	120	371	b	1	D and F Block Elements	CHM-12-JEE-22	SB-C-22-16
P020951	119	127	a	2	D and F Block Elements	CHM-12-JEE-22	SB-C-22-16
P020952	333	592	a	2	D and F Block Elements	CHM-12-JEE-22	SB-C-22-16
P020953	84	1689	b	1	D and F Block Elements	CHM-12-JEE-22	SB-C-22-16
P020955	75	268	c	2	D and F Block Elements	CHM-12-JEE-22	SB-C-22-16
P020956	650	737	a	3	D and F Block Elements	CHM-12-JEE-22	SB-C-22-16
P020958	182	377	c	2	D and F Block Elements	CHM-12-JEE-22	SB-C-22-16
P020961	112	233	b	1	D and F Block Elements	CHM-12-JEE-22	SB-C-22-16
P020963	106	226	c	1	D and F Block Elements	CHM-12-JEE-22	SB-C-22-16
P020964	82	169	d	2	D and F Block Elements	CHM-12-JEE-22	SB-C-22-16
P004139	106	905	d	3	Coordination Compounds	CHM-12-JEE-23	SB-C-23-16
P003727	239	79	d	2	Coordination Compounds	CHM-12-JEE-23	SB-C-23-16
P004147	233	576	c	3	Coordination Compounds	CHM-12-JEE-23	SB-C-23-16
P004150	54	3621	c	2	Coordination Compounds	CHM-12-JEE-23	SB-C-23-16
P004155	68	858	c	2	Coordination Compounds	CHM-12-JEE-23	SB-C-23-16
P004141	2686	341	d	2	Coordination Compounds	CHM-12-JEE-23	SB-C-23-16
P004156	60	15170	b	2	Coordination Compounds	CHM-12-JEE-23	SB-C-23-16
P004144	134	91	c	1	Coordination Compounds	CHM-12-JEE-23	SB-C-23-16
P004140	82	235	b	1	Coordination Compounds	CHM-12-JEE-23	SB-C-23-16
P004146	500	998	a	2	Coordination Compounds	CHM-12-JEE-23	SB-C-23-16
P004143	100	370	b	1	Coordination Compounds	CHM-12-JEE-23	SB-C-23-16
P004142	113	184	c	1	Coordination Compounds	CHM-12-JEE-23	SB-C-23-16
P004145	82	21396	c	2	Coordination Compounds	CHM-12-JEE-23	SB-C-23-16
P012276	70	23545	d	2	Coordination Compounds	CHM-12-JEE-23	SB-C-23-16
P012291	103	57599	b	3	Coordination Compounds	CHM-12-JEE-23	SB-C-23-16
P020852	26953	215	a	1	Halogen Derivatives 	CHM-12-JEE-24	SB-C-24-16
P020862	192	143	c	2	Halogen Derivatives 	CHM-12-JEE-24	SB-C-24-16
P020866	2604	299	b	1	Halogen Derivatives 	CHM-12-JEE-24	SB-C-24-16
P020868	123	408	d	2	Halogen Derivatives 	CHM-12-JEE-24	SB-C-24-16
P020879	6626	1341	b	3	Halogen Derivatives 	CHM-12-JEE-24	SB-C-24-16
P020883	67	638	c	2	Halogen Derivatives 	CHM-12-JEE-24	SB-C-24-16
P020887	66	173	d	1	Halogen Derivatives 	CHM-12-JEE-24	SB-C-24-16
P020898	68190	236794	c	3	Halogen Derivatives 	CHM-12-JEE-24	SB-C-24-16
P020902	127	317	c	2	Halogen Derivatives 	CHM-12-JEE-24	SB-C-24-16
P020909	205	176	d	2	Halogen Derivatives 	CHM-12-JEE-24	SB-C-24-16
P020911	3042	56677	d	2	Halogen Derivatives 	CHM-12-JEE-24	SB-C-24-16
P020912	26056	33312	b	3	Halogen Derivatives 	CHM-12-JEE-24	SB-C-24-16
P020916	124	189	c	1	Halogen Derivatives 	CHM-12-JEE-24	SB-C-24-16
P020922	18080	305	b	2	Halogen Derivatives 	CHM-12-JEE-24	SB-C-24-16
P020929	133	113	b	2	Halogen Derivatives 	CHM-12-JEE-24	SB-C-24-16
P020342	18337	21048	d	2	Alcohols, Ethers and Phenols	CHM-12-JEE-25	SB-C-25-16
P020343	304	239	c	2	Alcohols, Ethers and Phenols	CHM-12-JEE-25	SB-C-25-16
P020346	172	476	b	2	Alcohols, Ethers and Phenols	CHM-12-JEE-25	SB-C-25-16
P020347	141	101	d	1	Alcohols, Ethers and Phenols	CHM-12-JEE-25	SB-C-25-16
P020348	127	372	b	1	Alcohols, Ethers and Phenols	CHM-12-JEE-25	SB-C-25-16
P020349	185	89	b	1	Alcohols, Ethers and Phenols	CHM-12-JEE-25	SB-C-25-16
P020352	265	15623	d	3	Alcohols, Ethers and Phenols	CHM-12-JEE-25	SB-C-25-16
P020353	235	290	a	2	Alcohols, Ethers and Phenols	CHM-12-JEE-25	SB-C-25-16
P020354	14066	86060	a	2	Alcohols, Ethers and Phenols	CHM-12-JEE-25	SB-C-25-16
P020358	213	160	c	1	Alcohols, Ethers and Phenols	CHM-12-JEE-25	SB-C-25-16
P020394	362	37770	a	2	Alcohols, Ethers and Phenols	CHM-12-JEE-25	SB-C-25-16
P020396	175	19400	b	1	Alcohols, Ethers and Phenols	CHM-12-JEE-25	SB-C-25-16
P020399	199	744	b	2	Alcohols, Ethers and Phenols	CHM-12-JEE-25	SB-C-25-16
P020400	8904	35794	d	3	Alcohols, Ethers and Phenols	CHM-12-JEE-25	SB-C-25-16
P020402	7965	53698	b	3	Alcohols, Ethers and Phenols	CHM-12-JEE-25	SB-C-25-16
P020404	98	2248	b	1	Aldehydes and Ketones	CHM-12-JEE-26	SB-C-26-16
P020409	128	15306	d	3	Aldehydes and Ketones	CHM-12-JEE-26	SB-C-26-16
P020414	480	7961	c	2	Aldehydes and Ketones	CHM-12-JEE-26	SB-C-26-16
P020424	27901	20544	c	3	Aldehydes and Ketones	CHM-12-JEE-26	SB-C-26-16
P020428	33626	20910	b	2	Aldehydes and Ketones	CHM-12-JEE-26	SB-C-26-16
P020431	106	117	b	2	Aldehydes and Ketones	CHM-12-JEE-26	SB-C-26-16
P020434	110	381	c	2	Aldehydes and Ketones	CHM-12-JEE-26	SB-C-26-16
P020438	1132	800	b	1	Aldehydes and Ketones	CHM-12-JEE-26	SB-C-26-16
P020441	13319	14864	a	2	Aldehydes and Ketones	CHM-12-JEE-26	SB-C-26-16
P020442	246	880	c	2	Aldehydes and Ketones	CHM-12-JEE-26	SB-C-26-16
P020446	170	304	b	1	Aldehydes and Ketones	CHM-12-JEE-26	SB-C-26-16
P020450	163	205	d	2	Aldehydes and Ketones	CHM-12-JEE-26	SB-C-26-16
P020451	97	7512	c	1	Aldehydes and Ketones	CHM-12-JEE-26	SB-C-26-16
P020455	452	46332	d	3	Aldehydes and Ketones	CHM-12-JEE-26	SB-C-26-16
P020459	102	42367	d	3	Aldehydes and Ketones	CHM-12-JEE-26	SB-C-26-16
P003737	70	126	b	1	Carboxylic Acids and Derivatives	CHM-12-JEE-27	SB-C-27-16
P003738	204	231	a	2	Carboxylic Acids and Derivatives	CHM-12-JEE-27	SB-C-27-16
P003744	257	39512	a	2	Carboxylic Acids and Derivatives	CHM-12-JEE-27	SB-C-27-16
P003753	10604	34787	d	3	Carboxylic Acids and Derivatives	CHM-12-JEE-27	SB-C-27-16
P003763	18146	164	a	1	Carboxylic Acids and Derivatives	CHM-12-JEE-27	SB-C-27-16
P003765	76	187	b	2	Carboxylic Acids and Derivatives	CHM-12-JEE-27	SB-C-27-16
P003766	33846	30185	d	2	Carboxylic Acids and Derivatives	CHM-12-JEE-27	SB-C-27-16
P003769	354	452	d	3	Carboxylic Acids and Derivatives	CHM-12-JEE-27	SB-C-27-16
P003770	93	157	c	2	Carboxylic Acids and Derivatives	CHM-12-JEE-27	SB-C-27-16
P003775	89	29355	b	1	Carboxylic Acids and Derivatives	CHM-12-JEE-27	SB-C-27-16
P003781	92	20594	b	2	Carboxylic Acids and Derivatives	CHM-12-JEE-27	SB-C-27-16
P003783	102	167	a	2	Carboxylic Acids and Derivatives	CHM-12-JEE-27	SB-C-27-16
P003786	220	14173	a	2	Carboxylic Acids and Derivatives	CHM-12-JEE-27	SB-C-27-16
P003792	9923	23873	b	3	Carboxylic Acids and Derivatives	CHM-12-JEE-27	SB-C-27-16
P003794	200	152	b	1	Carboxylic Acids and Derivatives	CHM-12-JEE-27	SB-C-27-16
P017677	65	127	d	1	Amines	CHM-12-JEE-28	SB-C-28-16
P004117	412	346	a	2	Amines	CHM-12-JEE-28	SB-C-28-16
P004119	207	84	b	1	Amines	CHM-12-JEE-28	SB-C-28-16
P004120	207	115	a	2	Amines	CHM-12-JEE-28	SB-C-28-16
P004118	292	29757	a	2	Amines	CHM-12-JEE-28	SB-C-28-16
P004121	13026	25949	c	2	Amines	CHM-12-JEE-28	SB-C-28-16
P004124	225	319	a	2	Amines	CHM-12-JEE-28	SB-C-28-16
P004123	8425	22806	b	3	Amines	CHM-12-JEE-28	SB-C-28-16
P004125	99	461	d	2	Amines	CHM-12-JEE-28	SB-C-28-16
P017679	69	190	b	1	Amines	CHM-12-JEE-28	SB-C-28-16
P004127	227	398	a	3	Amines	CHM-12-JEE-28	SB-C-28-16
P004651	92	40386	c	2	Amines	CHM-12-JEE-28	SB-C-28-16
P004129	9550	23714	b	2	Amines	CHM-12-JEE-28	SB-C-28-16
P004130	301	22198	a	3	Amines	CHM-12-JEE-28	SB-C-28-16
P004131	4897	20442	c	2	Amines	CHM-12-JEE-28	SB-C-28-16
P020993	840	207	a	2	Biomolecules, Polymers and Chemistry in Everyday life 	CHM-12-JEE-29	SB-C-29-16
P021000	54	802	d	2	Biomolecules, Polymers and Chemistry in Everyday life 	CHM-12-JEE-29	SB-C-29-16
P021007	14937	15225	b	3	Biomolecules, Polymers and Chemistry in Everyday life 	CHM-12-JEE-29	SB-C-29-16
P021013	501	145	c	2	Biomolecules, Polymers and Chemistry in Everyday life 	CHM-12-JEE-29	SB-C-29-16
P021021	6411	137	b	2	Biomolecules, Polymers and Chemistry in Everyday life 	CHM-12-JEE-29	SB-C-29-16
P021028	50	108	b	1	Biomolecules, Polymers and Chemistry in Everyday life 	CHM-12-JEE-29	SB-C-29-16
P021035	493	1220	d	3	Biomolecules, Polymers and Chemistry in Everyday life 	CHM-12-JEE-29	SB-C-29-16
P021039	6491	68	c	1	Biomolecules, Polymers and Chemistry in Everyday life 	CHM-12-JEE-29	SB-C-29-16
P021041	154	148	d	1	Biomolecules, Polymers and Chemistry in Everyday life 	CHM-12-JEE-29	SB-C-29-16
P021048	8810	656	d	2	Biomolecules, Polymers and Chemistry in Everyday life 	CHM-12-JEE-29	SB-C-29-16
P021052	74	93	b	2	Biomolecules, Polymers and Chemistry in Everyday life 	CHM-12-JEE-29	SB-C-29-16
P021057	198	213	b	2	Biomolecules, Polymers and Chemistry in Everyday life 	CHM-12-JEE-29	SB-C-29-16
P021059	58	441	a	1	Biomolecules, Polymers and Chemistry in Everyday life 	CHM-12-JEE-29	SB-C-29-16
P021066	3635	72776	a	2	Biomolecules, Polymers and Chemistry in Everyday life 	CHM-12-JEE-29	SB-C-29-16
P021072	575	294	a	1	Biomolecules, Polymers and Chemistry in Everyday life 	CHM-12-JEE-29	SB-C-29-16
P002110	295	817	a	2	Units and Measurement	PHY-11-JEE-01	SB-P-01-17
P006660	109	93	b	1	Units and Measurement	PHY-11-JEE-01	SB-P-01-17
P028616	195	703	d	3	Units and Measurement	PHY-11-JEE-01	SB-P-01-17
P002113	355	473	b	3	Units and Measurement	PHY-11-JEE-01	SB-P-01-17
P002118	245	448	a	1	Units and Measurement	PHY-11-JEE-01	SB-P-01-17
P002119	300	542	b	2	Units and Measurement	PHY-11-JEE-01	SB-P-01-17
P002120	257	355	a	2	Units and Measurement	PHY-11-JEE-01	SB-P-01-17
P002121	231	525	d	2	Units and Measurement	PHY-11-JEE-01	SB-P-01-17
P002122	99	549	a	1	Units and Measurement	PHY-11-JEE-01	SB-P-01-17
P002123	194	414	b	1	Units and Measurement	PHY-11-JEE-01	SB-P-01-17
P028590	321	736	c	2	Units and Measurement	PHY-11-JEE-01	SB-P-01-17
P028593	332	549	a	3	Units and Measurement	PHY-11-JEE-01	SB-P-01-17
P028717	174	521	a	2	Units and Measurement	PHY-11-JEE-01	SB-P-01-17
P028597	383	368	d	2	Units and Measurement	PHY-11-JEE-01	SB-P-01-17
P028599	71	594	c	2	Units and Measurement	PHY-11-JEE-01	SB-P-01-17
P028600	190	347	d	2	Units and Measurement	PHY-11-JEE-01	SB-P-01-17
P028602	143	142	d	2	Units and Measurement	PHY-11-JEE-01	SB-P-01-17
P028605	317	318	b	2	Units and Measurement	PHY-11-JEE-01	SB-P-01-17
P028606	199	94	c	2	Units and Measurement	PHY-11-JEE-01	SB-P-01-17
P028609	128	225	d	1	Units and Measurement	PHY-11-JEE-01	SB-P-01-17
P028757	258	6970	c	2	Motion in 1D	PHY-11-JEE-02	SB-P-02-17
P028761	188	308	c	1	Motion in 1D	PHY-11-JEE-02	SB-P-02-17
P028768	37797	611	c	3	Motion in 1D	PHY-11-JEE-02	SB-P-02-17
P028774	92	441	d	2	Motion in 1D	PHY-11-JEE-02	SB-P-02-17
P028764	13485	675	a	3	Motion in 1D	PHY-11-JEE-02	SB-P-02-17
P028776	163	492	d	1	Motion in 1D	PHY-11-JEE-02	SB-P-02-17
P028779	359	761	a	3	Motion in 1D	PHY-11-JEE-02	SB-P-02-17
P028780	232	268	a	2	Motion in 1D	PHY-11-JEE-02	SB-P-02-17
P002152	257	11895	a	3	Motion in 1D	PHY-11-JEE-02	SB-P-02-17
P002148	3055	202	c	1	Motion in 1D	PHY-11-JEE-02	SB-P-02-17
P002143	204	402	c	3	Motion in 1D	PHY-11-JEE-02	SB-P-02-17
P002145	5145	142	a	1	Motion in 1D	PHY-11-JEE-02	SB-P-02-17
P002146	208	367	c	2	Motion in 1D	PHY-11-JEE-02	SB-P-02-17
P002138	305	515	b	2	Motion in 1D	PHY-11-JEE-02	SB-P-02-17
P002136	184	181	a	2	Motion in 1D	PHY-11-JEE-02	SB-P-02-17
P002147	307	4647	a	2	Motion in 1D	PHY-11-JEE-02	SB-P-02-17
P002131	146	116	a	1	Motion in 1D	PHY-11-JEE-02	SB-P-02-17
P007004	128	544	d	2	Motion in 1D	PHY-11-JEE-02	SB-P-02-17
P007017	123	343	d	2	Motion in 1D	PHY-11-JEE-02	SB-P-02-17
P007018	28642	243	a	2	Motion in 1D	PHY-11-JEE-02	SB-P-02-17
P009118	77	143	d	2	Vectors and Application of Calculus	PHY-11-JEE-03	SB-P-03-17
P031204	16237	722	d	2	Vectors and Application of Calculus	PHY-11-JEE-03	SB-P-03-17
P002169	268	557	d	3	Vectors and Application of Calculus	PHY-11-JEE-03	SB-P-03-17
P009451	79	278	a	3	Vectors and Application of Calculus	PHY-11-JEE-03	SB-P-03-17
P009211	332	7324	a	2	Vectors and Application of Calculus	PHY-11-JEE-03	SB-P-03-17
P002156	99	258	b	1	Vectors and Application of Calculus	PHY-11-JEE-03	SB-P-03-17
P003203	110	206	a	1	Vectors and Application of Calculus	PHY-11-JEE-03	SB-P-03-17
P009213	86	271	d	2	Vectors and Application of Calculus	PHY-11-JEE-03	SB-P-03-17
P002157	91	76	a	1	Vectors and Application of Calculus	PHY-11-JEE-03	SB-P-03-17
P002165	102	293	d	2	Vectors and Application of Calculus	PHY-11-JEE-03	SB-P-03-17
P031197	315	339	b	1	Vectors and Application of Calculus	PHY-11-JEE-03	SB-P-03-17
P004334	353	667	b	3	Vectors and Application of Calculus	PHY-11-JEE-03	SB-P-03-17
P002159	148	424	b	2	Vectors and Application of Calculus	PHY-11-JEE-03	SB-P-03-17
P002162	157	238	b	3	Vectors and Application of Calculus	PHY-11-JEE-03	SB-P-03-17
P020166	86	525	d	2	Vectors and Application of Calculus	PHY-11-JEE-03	SB-P-03-17
P020172	199	921	b	3	Vectors and Application of Calculus	PHY-11-JEE-03	SB-P-03-17
P002163	69	357	d	2	Vectors and Application of Calculus	PHY-11-JEE-03	SB-P-03-17
P020171	221	752	c	3	Vectors and Application of Calculus	PHY-11-JEE-03	SB-P-03-17
P009111	110	191	c	2	Vectors and Application of Calculus	PHY-11-JEE-03	SB-P-03-17
P020168	174	362	a	2	Vectors and Application of Calculus	PHY-11-JEE-03	SB-P-03-17
P002182	308	41275	a	2	Motion in Two Dimensions	PHY-11-JEE-04	SB-P-04-17
P020209	218	196	c	2	Motion in Two Dimensions	PHY-11-JEE-04	SB-P-04-17
P034339	226	75	d	1	Motion in Two Dimensions	PHY-11-JEE-04	SB-P-04-17
P034337	293	253	a	1	Motion in Two Dimensions	PHY-11-JEE-04	SB-P-04-17
P034336	358	17469	a	2	Motion in Two Dimensions	PHY-11-JEE-04	SB-P-04-17
P034334	273	318	d	1	Motion in Two Dimensions	PHY-11-JEE-04	SB-P-04-17
P034331	195	9815	a	1	Motion in Two Dimensions	PHY-11-JEE-04	SB-P-04-17
P034330	170	55975	d	2	Motion in Two Dimensions	PHY-11-JEE-04	SB-P-04-17
P034326	96	176	b	1	Motion in Two Dimensions	PHY-11-JEE-04	SB-P-04-17
P034297	164	273	d	1	Motion in Two Dimensions	PHY-11-JEE-04	SB-P-04-17
P034245	272	45372	a	3	Motion in Two Dimensions	PHY-11-JEE-04	SB-P-04-17
P002178	8659	616	c	1	Motion in Two Dimensions	PHY-11-JEE-04	SB-P-04-17
P002179	4727	263	c	2	Motion in Two Dimensions	PHY-11-JEE-04	SB-P-04-17
P003173	266	328	b	2	Motion in Two Dimensions	PHY-11-JEE-04	SB-P-04-17
P020217	294	14088	d	3	Motion in Two Dimensions	PHY-11-JEE-04	SB-P-04-17
P020245	508	89	d	2	Motion in Two Dimensions	PHY-11-JEE-04	SB-P-04-17
P034527	270	375	c	2	Motion in Two Dimensions	PHY-11-JEE-04	SB-P-04-17
P026935	235	10163	c	1	Motion in Two Dimensions	PHY-11-JEE-04	SB-P-04-17
P020219	287	359	b	3	Motion in Two Dimensions	PHY-11-JEE-04	SB-P-04-17
P024449	37279	1054	c	2	Motion in Two Dimensions	PHY-11-JEE-04	SB-P-04-17
P037553	352	472	c	3	Dynamics of Motion	PHY-11-JEE-05	SB-P-05-17
P037598	274	809	d	2	Dynamics of Motion	PHY-11-JEE-05	SB-P-05-17
P037594	21719	20196	a	3	Dynamics of Motion	PHY-11-JEE-05	SB-P-05-17
P035437	364	25926	d	2	Dynamics of Motion	PHY-11-JEE-05	SB-P-05-17
P001335	35794	39769	c	2	Dynamics of Motion	PHY-11-JEE-05	SB-P-05-17
P000845	15692	15027	d	2	Dynamics of Motion	PHY-11-JEE-05	SB-P-05-17
P009089	18107	15772	a	3	Dynamics of Motion	PHY-11-JEE-05	SB-P-05-17
P035457	221	233	b	1	Dynamics of Motion	PHY-11-JEE-05	SB-P-05-17
P037317	4833	6687	c	2	Dynamics of Motion	PHY-11-JEE-05	SB-P-05-17
P000791	47162	21403	c	1	Dynamics of Motion	PHY-11-JEE-05	SB-P-05-17
P000780	14923	19640	a	1	Dynamics of Motion	PHY-11-JEE-05	SB-P-05-17
P001536	14804	24586	a	2	Dynamics of Motion	PHY-11-JEE-05	SB-P-05-17
P035480	342	314	a	3	Dynamics of Motion	PHY-11-JEE-05	SB-P-05-17
P001329	6283	17565	b	1	Dynamics of Motion	PHY-11-JEE-05	SB-P-05-17
P037175	232	7983	c	3	Dynamics of Motion	PHY-11-JEE-05	SB-P-05-17
P009096	9802	433	c	2	Dynamics of Motion	PHY-11-JEE-05	SB-P-05-17
P035529	271	25974	c	2	Dynamics of Motion	PHY-11-JEE-05	SB-P-05-17
P000778	31024	18766	a	3	Dynamics of Motion	PHY-11-JEE-05	SB-P-05-17
P035531	248	235	a	1	Dynamics of Motion	PHY-11-JEE-05	SB-P-05-17
P037149	18543	11405	b	2	Dynamics of Motion	PHY-11-JEE-05	SB-P-05-17
P002405	12725	368	c	2	Work, Power, Energy and Momentum	PHY-11-JEE-06	SB-P-06-17
P002406	302	584	b	2	Work, Power, Energy and Momentum	PHY-11-JEE-06	SB-P-06-17
P002407	34268	255	d	1	Work, Power, Energy and Momentum	PHY-11-JEE-06	SB-P-06-17
P002408	13792	609	c	2	Work, Power, Energy and Momentum	PHY-11-JEE-06	SB-P-06-17
P002412	242	390	b	3	Work, Power, Energy and Momentum	PHY-11-JEE-06	SB-P-06-17
P002413	6150	36967	a	3	Work, Power, Energy and Momentum	PHY-11-JEE-06	SB-P-06-17
P002414	6744	11443	a	3	Work, Power, Energy and Momentum	PHY-11-JEE-06	SB-P-06-17
P002415	316	718	d	2	Work, Power, Energy and Momentum	PHY-11-JEE-06	SB-P-06-17
P011881	35	324	c	1	Work, Power, Energy and Momentum	PHY-11-JEE-06	SB-P-06-17
P011893	6874	394	c	2	Work, Power, Energy and Momentum	PHY-11-JEE-06	SB-P-06-17
P011894	167	316	a	2	Work, Power, Energy and Momentum	PHY-11-JEE-06	SB-P-06-17
P026541	162	421	b	1	Work, Power, Energy and Momentum	PHY-11-JEE-06	SB-P-06-17
P039024	296	247	b	2	Work, Power, Energy and Momentum	PHY-11-JEE-06	SB-P-06-17
P039025	194	286	b	2	Work, Power, Energy and Momentum	PHY-11-JEE-06	SB-P-06-17
P039027	245	6270	c	1	Work, Power, Energy and Momentum	PHY-11-JEE-06	SB-P-06-17
P039029	278	398	d	1	Work, Power, Energy and Momentum	PHY-11-JEE-06	SB-P-06-17
P039031	14884	8478	a	3	Work, Power, Energy and Momentum	PHY-11-JEE-06	SB-P-06-17
P039032	332	446	a	2	Work, Power, Energy and Momentum	PHY-11-JEE-06	SB-P-06-17
P039034	61	170	b	1	Work, Power, Energy and Momentum	PHY-11-JEE-06	SB-P-06-17
P039036	174	384	b	2	Work, Power, Energy and Momentum	PHY-11-JEE-06	SB-P-06-17
P012552	9674	12388	a	3	Rotation	PHY-11-JEE-07	SB-P-07-17
P026636	5441	7886	a	1	Rotation	PHY-11-JEE-07	SB-P-07-17
P012970	5728	268	d	2	Rotation	PHY-11-JEE-07	SB-P-07-17
P002498	303	5392	a	1	Rotation	PHY-11-JEE-07	SB-P-07-17
P024674	53593	291	a	1	Rotation	PHY-11-JEE-07	SB-P-07-17
P012982	6532	271	d	3	Rotation	PHY-11-JEE-07	SB-P-07-17
P004421	9481	20533	c	2	Rotation	PHY-11-JEE-07	SB-P-07-17
P013015	262	5025	d	2	Rotation	PHY-11-JEE-07	SB-P-07-17
P026634	4433	598	a	1	Rotation	PHY-11-JEE-07	SB-P-07-17
P002491	17459	8678	a	1	Rotation	PHY-11-JEE-07	SB-P-07-17
P004430	11730	300	c	2	Rotation	PHY-11-JEE-07	SB-P-07-17
P002493	4754	28018	d	2	Rotation	PHY-11-JEE-07	SB-P-07-17
P012973	6467	446	a	2	Rotation	PHY-11-JEE-07	SB-P-07-17
P012975	249	1199	c	3	Rotation	PHY-11-JEE-07	SB-P-07-17
P004424	8624	4575	d	3	Rotation	PHY-11-JEE-07	SB-P-07-17
P004409	15279	260	b	2	Rotation	PHY-11-JEE-07	SB-P-07-17
P013016	410	461	a	3	Rotation	PHY-11-JEE-07	SB-P-07-17
P012972	311	812	c	3	Rotation	PHY-11-JEE-07	SB-P-07-17
P026377	14530	9192	c	3	Rotation	PHY-11-JEE-07	SB-P-07-17
P026386	188	8623	a	3	Rotation	PHY-11-JEE-07	SB-P-07-17
P003338	203	502	a	1	Gravitation	PHY-11-JEE-08	SB-P-08-17
P003327	231	12318	d	2	Gravitation	PHY-11-JEE-08	SB-P-08-17
P040507	274	254	b	2	Gravitation	PHY-11-JEE-08	SB-P-08-17
P003342	11364	12136	d	2	Gravitation	PHY-11-JEE-08	SB-P-08-17
P004799	40036	688	a	2	Gravitation	PHY-11-JEE-08	SB-P-08-17
P003361	133	747	a	2	Gravitation	PHY-11-JEE-08	SB-P-08-17
P003340	320	257	b	1	Gravitation	PHY-11-JEE-08	SB-P-08-17
P040238	87	2043	d	2	Gravitation	PHY-11-JEE-08	SB-P-08-17
P040366	213	101	c	2	Gravitation	PHY-11-JEE-08	SB-P-08-17
P003337	130	691	d	1	Gravitation	PHY-11-JEE-08	SB-P-08-17
P040385	194	208	c	2	Gravitation	PHY-11-JEE-08	SB-P-08-17
P040228	249	128	b	1	Gravitation	PHY-11-JEE-08	SB-P-08-17
P004436	230	475	c	2	Gravitation	PHY-11-JEE-08	SB-P-08-17
P003373	254	710	c	2	Gravitation	PHY-11-JEE-08	SB-P-08-17
P003341	13460	334	b	2	Gravitation	PHY-11-JEE-08	SB-P-08-17
P003312	283	617	a	2	Gravitation	PHY-11-JEE-08	SB-P-08-17
P004802	19672	435	c	3	Gravitation	PHY-11-JEE-08	SB-P-08-17
P003325	300	1415	b	3	Gravitation	PHY-11-JEE-08	SB-P-08-17
P040477	140	246	c	1	Gravitation	PHY-11-JEE-08	SB-P-08-17
P040236	195	318	d	1	Gravitation	PHY-11-JEE-08	SB-P-08-17
P041724	422	497	a	2	Mechanical Properties of Solids	PHY-11-JEE-09	SB-P-09-17
P041758	232	152	d	2	Mechanical Properties of Solids	PHY-11-JEE-09	SB-P-09-17
P005474	205	594	c	2	Mechanical Properties of Solids	PHY-11-JEE-09	SB-P-09-17
P005472	259	394	d	2	Mechanical Properties of Solids	PHY-11-JEE-09	SB-P-09-17
P005471	119	69	b	1	Mechanical Properties of Solids	PHY-11-JEE-09	SB-P-09-17
P005470	325	943	a	3	Mechanical Properties of Solids	PHY-11-JEE-09	SB-P-09-17
P005468	148	317	b	1	Mechanical Properties of Solids	PHY-11-JEE-09	SB-P-09-17
P005460	245	13951	a	1	Mechanical Properties of Solids	PHY-11-JEE-09	SB-P-09-17
P005462	177	218	d	1	Mechanical Properties of Solids	PHY-11-JEE-09	SB-P-09-17
P005464	198	403	a	2	Mechanical Properties of Solids	PHY-11-JEE-09	SB-P-09-17
P042228	156	53	c	1	Mechanical Properties of Solids	PHY-11-JEE-09	SB-P-09-17
P042238	16895	23397	a	3	Mechanical Properties of Solids	PHY-11-JEE-09	SB-P-09-17
P042240	209	269	a	1	Mechanical Properties of Solids	PHY-11-JEE-09	SB-P-09-17
P042242	150	242	b	2	Mechanical Properties of Solids	PHY-11-JEE-09	SB-P-09-17
P042243	172	794	b	2	Mechanical Properties of Solids	PHY-11-JEE-09	SB-P-09-17
P042244	325	9821	c	2	Mechanical Properties of Solids	PHY-11-JEE-09	SB-P-09-17
P042245	142	217	c	1	Mechanical Properties of Solids	PHY-11-JEE-09	SB-P-09-17
P042246	303	171	c	1	Mechanical Properties of Solids	PHY-11-JEE-09	SB-P-09-17
P042248	307	203	a	2	Mechanical Properties of Solids	PHY-11-JEE-09	SB-P-09-17
P002875	207	13062	a	1	Mechanical Properties of Solids	PHY-11-JEE-09	SB-P-09-17
P019984	75	236	b	1	Mechanical Properties of Fluids	PHY-11-JEE-10	SB-P-10-17
P043114	324	409	d	2	Mechanical Properties of Fluids	PHY-11-JEE-10	SB-P-10-17
P043062	106	227	d	1	Mechanical Properties of Fluids	PHY-11-JEE-10	SB-P-10-17
P043117	64	117	b	1	Mechanical Properties of Fluids	PHY-11-JEE-10	SB-P-10-17
P016826	304	419	c	2	Mechanical Properties of Fluids	PHY-11-JEE-10	SB-P-10-17
P016821	284	1643	d	3	Mechanical Properties of Fluids	PHY-11-JEE-10	SB-P-10-17
P019983	174	508	c	1	Mechanical Properties of Fluids	PHY-11-JEE-10	SB-P-10-17
P043061	86	53	a	1	Mechanical Properties of Fluids	PHY-11-JEE-10	SB-P-10-17
P002965	7236	11778	a	1	Mechanical Properties of Fluids	PHY-11-JEE-10	SB-P-10-17
P005479	305	1083	b	3	Mechanical Properties of Fluids	PHY-11-JEE-10	SB-P-10-17
P043063	260	150	a	1	Mechanical Properties of Fluids	PHY-11-JEE-10	SB-P-10-17
P005483	112	299	a	1	Mechanical Properties of Fluids	PHY-11-JEE-10	SB-P-10-17
P005481	5822	6261	d	2	Mechanical Properties of Fluids	PHY-11-JEE-10	SB-P-10-17
P002963	11737	10768	c	1	Mechanical Properties of Fluids	PHY-11-JEE-10	SB-P-10-17
P043107	42687	320	c	2	Mechanical Properties of Fluids	PHY-11-JEE-10	SB-P-10-17
P043152	340	993	a	2	Mechanical Properties of Fluids	PHY-11-JEE-10	SB-P-10-17
P020335	217	103	b	1	Mechanical Properties of Fluids	PHY-11-JEE-10	SB-P-10-17
P020390	163	299	d	2	Mechanical Properties of Fluids	PHY-11-JEE-10	SB-P-10-17
P004783	345	6969	b	2	Mechanical Properties of Fluids	PHY-11-JEE-10	SB-P-10-17
P005476	3779	738	d	3	Mechanical Properties of Fluids	PHY-11-JEE-10	SB-P-10-17
P016682	270	411	c	2	Thermal Properties of Matter	PHY-11-JEE-11	SB-P-11-16
P016683	6692	286	d	2	Thermal Properties of Matter	PHY-11-JEE-11	SB-P-11-16
P016686	226	189	b	1	Thermal Properties of Matter	PHY-11-JEE-11	SB-P-11-16
P016688	230	983	d	2	Thermal Properties of Matter	PHY-11-JEE-11	SB-P-11-16
P016689	55	1517	b	2	Thermal Properties of Matter	PHY-11-JEE-11	SB-P-11-16
P016690	301	293	a	2	Thermal Properties of Matter	PHY-11-JEE-11	SB-P-11-16
P016694	177	22501	a	2	Thermal Properties of Matter	PHY-11-JEE-11	SB-P-11-16
P016695	129	408	a	2	Thermal Properties of Matter	PHY-11-JEE-11	SB-P-11-16
P004890	396	704	b	2	Thermal Properties of Matter	PHY-11-JEE-11	SB-P-11-16
P016915	1145	2354	c	1	Thermal Properties of Matter	PHY-11-JEE-11	SB-P-11-16
P005650	362	676	b	3	Thermal Properties of Matter	PHY-11-JEE-11	SB-P-11-16
P016916	97	722	b	1	Thermal Properties of Matter	PHY-11-JEE-11	SB-P-11-16
P005644	5343	6105	d	2	Thermal Properties of Matter	PHY-11-JEE-11	SB-P-11-16
P002883	10027	17885	c	3	Thermal Properties of Matter	PHY-11-JEE-11	SB-P-11-16
P020485	237	199754	b	3	Thermal Properties of Matter	PHY-11-JEE-11	SB-P-11-16
P020699	6749	748	b	2	Thermodynamics and Kinetic Theory of Gases	PHY-11-JEE-12	SB-P-12-16
P020706	462	910	c	3	Thermodynamics and Kinetic Theory of Gases	PHY-11-JEE-12	SB-P-12-16
P021860	27	173	c	1	Thermodynamics and Kinetic Theory of Gases	PHY-11-JEE-12	SB-P-12-16
P020705	17898	980	c	1	Thermodynamics and Kinetic Theory of Gases	PHY-11-JEE-12	SB-P-12-16
P020712	245	952	a	2	Thermodynamics and Kinetic Theory of Gases	PHY-11-JEE-12	SB-P-12-16
P020728	23799	1655	a	3	Thermodynamics and Kinetic Theory of Gases	PHY-11-JEE-12	SB-P-12-16
P021862	125	193	a	1	Thermodynamics and Kinetic Theory of Gases	PHY-11-JEE-12	SB-P-12-16
P020743	204	339	a	2	Thermodynamics and Kinetic Theory of Gases	PHY-11-JEE-12	SB-P-12-16
P020755	19275	2108	b	3	Thermodynamics and Kinetic Theory of Gases	PHY-11-JEE-12	SB-P-12-16
P021863	93	130	c	1	Thermodynamics and Kinetic Theory of Gases	PHY-11-JEE-12	SB-P-12-16
P005635	403	601	c	2	Thermodynamics and Kinetic Theory of Gases	PHY-11-JEE-12	SB-P-12-16
P005636	232	603	a	2	Thermodynamics and Kinetic Theory of Gases	PHY-11-JEE-12	SB-P-12-16
P005637	10904	11274	b	3	Thermodynamics and Kinetic Theory of Gases	PHY-11-JEE-12	SB-P-12-16
P021926	87	365	b	2	Thermodynamics and Kinetic Theory of Gases	PHY-11-JEE-12	SB-P-12-16
P020779	12499	1713	a	2	Thermodynamics and Kinetic Theory of Gases	PHY-11-JEE-12	SB-P-12-16
P020486	19986	21072	c	2	Oscillations	PHY-11-JEE-13	SB-P-13-16
P020513	51	318	c	1	Oscillations	PHY-11-JEE-13	SB-P-13-16
P004306	208	10874	d	3	Oscillations	PHY-11-JEE-13	SB-P-13-16
P004315	234	8256	d	2	Oscillations	PHY-11-JEE-13	SB-P-13-16
P004310	185	184	d	1	Oscillations	PHY-11-JEE-13	SB-P-13-16
P020959	98	231	b	1	Oscillations	PHY-11-JEE-13	SB-P-13-16
P004317	14096	9968	a	3	Oscillations	PHY-11-JEE-13	SB-P-13-16
P004303	327	407	b	2	Oscillations	PHY-11-JEE-13	SB-P-13-16
P020506	192	149	c	1	Oscillations	PHY-11-JEE-13	SB-P-13-16
P004307	188	673	b	2	Oscillations	PHY-11-JEE-13	SB-P-13-16
P020578	47414	778	a	3	Oscillations	PHY-11-JEE-13	SB-P-13-16
P004318	6221	13322	c	2	Oscillations	PHY-11-JEE-13	SB-P-13-16
P004309	10889	837	c	2	Oscillations	PHY-11-JEE-13	SB-P-13-16
P020954	53	158	a	2	Oscillations	PHY-11-JEE-13	SB-P-13-16
P004313	13873	448	a	2	Oscillations	PHY-11-JEE-13	SB-P-13-16
P004804	101	590	a	1	Waves	PHY-11-JEE-14	SB-P-14-16
P005515	227	508	b	2	Waves	PHY-11-JEE-14	SB-P-14-16
P005521	86	86	a	1	Waves	PHY-11-JEE-14	SB-P-14-16
P005527	356	821	a	2	Waves	PHY-11-JEE-14	SB-P-14-16
P016824	313	980	b	3	Waves	PHY-11-JEE-14	SB-P-14-16
P021965	1252	1145	b	1	Waves	PHY-11-JEE-14	SB-P-14-16
P021990	335	290	b	2	Waves	PHY-11-JEE-14	SB-P-14-16
P021999	46	384	c	1	Waves	PHY-11-JEE-14	SB-P-14-16
P022132	184	175	a	2	Waves	PHY-11-JEE-14	SB-P-14-16
P005516	312	526	a	2	Waves	PHY-11-JEE-14	SB-P-14-16
P022130	236	218	a	2	Waves	PHY-11-JEE-14	SB-P-14-16
P004800	321	584	b	3	Waves	PHY-11-JEE-14	SB-P-14-16
P022005	393	370	b	3	Waves	PHY-11-JEE-14	SB-P-14-16
P022128	113	180	c	2	Waves	PHY-11-JEE-14	SB-P-14-16
P022209	487	562	c	2	Waves	PHY-11-JEE-14	SB-P-14-16
P006675	2521	234	c	2	Electrostatics	PHY-12-JEE-15	SB-P-15-16
P006676	10520	6989	a	2	Electrostatics	PHY-12-JEE-15	SB-P-15-16
P006677	14035	258	d	2	Electrostatics	PHY-12-JEE-15	SB-P-15-16
P006678	10296	614	d	3	Electrostatics	PHY-12-JEE-15	SB-P-15-16
P006679	104	476	c	2	Electrostatics	PHY-12-JEE-15	SB-P-15-16
P006680	124	294	b	1	Electrostatics	PHY-12-JEE-15	SB-P-15-16
P006681	157	272	c	2	Electrostatics	PHY-12-JEE-15	SB-P-15-16
P006682	278	13718	d	3	Electrostatics	PHY-12-JEE-15	SB-P-15-16
P006683	150	185	a	1	Electrostatics	PHY-12-JEE-15	SB-P-15-16
P006684	17153	520	a	2	Electrostatics	PHY-12-JEE-15	SB-P-15-16
P006685	6370	453	c	2	Electrostatics	PHY-12-JEE-15	SB-P-15-16
P006686	197	662	d	2	Electrostatics	PHY-12-JEE-15	SB-P-15-16
P006687	231	223	d	1	Electrostatics	PHY-12-JEE-15	SB-P-15-16
P006688	127	15740	c	3	Electrostatics	PHY-12-JEE-15	SB-P-15-16
P006689	193	66	a	1	Electrostatics	PHY-12-JEE-15	SB-P-15-16
P006690	297	307	c	1	Capacitors	PHY-12-JEE-16	SB-P-16-16
P006691	280	902	d	2	Capacitors	PHY-12-JEE-16	SB-P-16-16
P006692	170	143	b	1	Capacitors	PHY-12-JEE-16	SB-P-16-16
P006693	306	956	b	3	Capacitors	PHY-12-JEE-16	SB-P-16-16
P006694	5678	24975	c	2	Capacitors	PHY-12-JEE-16	SB-P-16-16
P006695	3765	5001	d	2	Capacitors	PHY-12-JEE-16	SB-P-16-16
P006696	4201	8570	a	2	Capacitors	PHY-12-JEE-16	SB-P-16-16
P006697	4258	5032	d	2	Capacitors	PHY-12-JEE-16	SB-P-16-16
P006698	213	421	b	1	Capacitors	PHY-12-JEE-16	SB-P-16-16
P006699	279	11024	d	3	Capacitors	PHY-12-JEE-16	SB-P-16-16
P006700	57588	16222	b	3	Capacitors	PHY-12-JEE-16	SB-P-16-16
P006702	230	235	c	1	Capacitors	PHY-12-JEE-16	SB-P-16-16
P006703	259	39744	c	2	Capacitors	PHY-12-JEE-16	SB-P-16-16
P006704	10996	14013	b	2	Capacitors	PHY-12-JEE-16	SB-P-16-16
P006706	3203	503	c	2	Capacitors	PHY-12-JEE-16	SB-P-16-16
P019579	202	131	d	1	Current Electricity	PHY-12-JEE-17	SB-P-17-16
P019581	171	227	c	1	Current Electricity	PHY-12-JEE-17	SB-P-17-16
P019584	183	321	d	2	Current Electricity	PHY-12-JEE-17	SB-P-17-16
P019588	5093	144	b	2	Current Electricity	PHY-12-JEE-17	SB-P-17-16
P019595	6923	257	a	2	Current Electricity	PHY-12-JEE-17	SB-P-17-16
P019606	224	164	b	1	Current Electricity	PHY-12-JEE-17	SB-P-17-16
P019612	6243	8047	a	3	Current Electricity	PHY-12-JEE-17	SB-P-17-16
P019630	4096	6014	a	2	Current Electricity	PHY-12-JEE-17	SB-P-17-16
P019637	4816	6165	b	2	Current Electricity	PHY-12-JEE-17	SB-P-17-16
P019645	4288	807	c	3	Current Electricity	PHY-12-JEE-17	SB-P-17-16
P019652	5634	393	b	2	Current Electricity	PHY-12-JEE-17	SB-P-17-16
P019665	383	179	c	2	Current Electricity	PHY-12-JEE-17	SB-P-17-16
P019668	167	421	d	1	Current Electricity	PHY-12-JEE-17	SB-P-17-16
P019671	9751	199	a	2	Current Electricity	PHY-12-JEE-17	SB-P-17-16
P019678	12942	28987	c	3	Current Electricity	PHY-12-JEE-17	SB-P-17-16
P019546	186	1024	c	2	Magnetic Effects of Electric Current	PHY-12-JEE-18	SB-P-18-16
P019550	316	5230	b	2	Magnetic Effects of Electric Current	PHY-12-JEE-18	SB-P-18-16
P019556	334	1133	c	2	Magnetic Effects of Electric Current	PHY-12-JEE-18	SB-P-18-16
P019605	5849	1765	d	2	Magnetic Effects of Electric Current	PHY-12-JEE-18	SB-P-18-16
P019620	4525	1231	c	2	Magnetic Effects of Electric Current	PHY-12-JEE-18	SB-P-18-16
P019628	374	1005	b	2	Magnetic Effects of Electric Current	PHY-12-JEE-18	SB-P-18-16
P019648	7180	117	c	3	Magnetic Effects of Electric Current	PHY-12-JEE-18	SB-P-18-16
P019654	267	141	b	1	Magnetic Effects of Electric Current	PHY-12-JEE-18	SB-P-18-16
P019664	260	202	d	1	Magnetic Effects of Electric Current	PHY-12-JEE-18	SB-P-18-16
P019669	472	3860	a	3	Magnetic Effects of Electric Current	PHY-12-JEE-18	SB-P-18-16
P019676	428	20356	c	3	Magnetic Effects of Electric Current	PHY-12-JEE-18	SB-P-18-16
P019677	302	204	c	1	Magnetic Effects of Electric Current	PHY-12-JEE-18	SB-P-18-16
P019682	335	217	a	2	Magnetic Effects of Electric Current	PHY-12-JEE-18	SB-P-18-16
P019691	6562	7215	d	3	Magnetic Effects of Electric Current	PHY-12-JEE-18	SB-P-18-16
P019696	306	1179	b	2	Magnetic Effects of Electric Current	PHY-12-JEE-18	SB-P-18-16
P020049	182	280	b	1	Magnetism & Matter	PHY-12-JEE-19	SB-P-19-16
P020059	172	578	c	3	Magnetism & Matter	PHY-12-JEE-19	SB-P-19-16
P020064	3983	312	d	1	Magnetism & Matter	PHY-12-JEE-19	SB-P-19-16
P020067	203	280	a	2	Magnetism & Matter	PHY-12-JEE-19	SB-P-19-16
P020069	280	670	c	3	Magnetism & Matter	PHY-12-JEE-19	SB-P-19-16
P020072	222	387	d	1	Magnetism & Matter	PHY-12-JEE-19	SB-P-19-16
P020080	180	274	a	2	Magnetism & Matter	PHY-12-JEE-19	SB-P-19-16
P020082	118	303	c	1	Magnetism & Matter	PHY-12-JEE-19	SB-P-19-16
P020084	179	152	d	2	Magnetism & Matter	PHY-12-JEE-19	SB-P-19-16
P020086	171	163	d	1	Magnetism & Matter	PHY-12-JEE-19	SB-P-19-16
P020087	348	14159	a	3	Magnetism & Matter	PHY-12-JEE-19	SB-P-19-16
P020088	354	26124	a	3	Magnetism & Matter	PHY-12-JEE-19	SB-P-19-16
P020090	203	412	c	2	Magnetism & Matter	PHY-12-JEE-19	SB-P-19-16
P020092	323	361	d	2	Magnetism & Matter	PHY-12-JEE-19	SB-P-19-16
P020096	250	435	c	2	Magnetism & Matter	PHY-12-JEE-19	SB-P-19-16
P002874	14592	29586	c	3	Electromagnetic Induction	PHY-12-JEE-20	SB-P-20-16
P009539	8368	367	d	1	Electromagnetic Induction	PHY-12-JEE-20	SB-P-20-16
P009542	8601	10139	a	2	Electromagnetic Induction	PHY-12-JEE-20	SB-P-20-16
P009544	7502	237	a	1	Electromagnetic Induction	PHY-12-JEE-20	SB-P-20-16
P009545	393	443	c	2	Electromagnetic Induction	PHY-12-JEE-20	SB-P-20-16
P009546	9896	294	b	1	Electromagnetic Induction	PHY-12-JEE-20	SB-P-20-16
P009547	87	146	d	1	Electromagnetic Induction	PHY-12-JEE-20	SB-P-20-16
P002873	15923	960	b	3	Electromagnetic Induction	PHY-12-JEE-20	SB-P-20-16
P009553	138	413	b	1	Electromagnetic Induction	PHY-12-JEE-20	SB-P-20-16
P002851	34294	493	d	1	Electromagnetic Induction	PHY-12-JEE-20	SB-P-20-16
P002872	23837	726	d	2	Electromagnetic Induction	PHY-12-JEE-20	SB-P-20-16
P009563	122	23	c	1	Electromagnetic Induction	PHY-12-JEE-20	SB-P-20-16
P002865	16578	16126	b	2	Electromagnetic Induction	PHY-12-JEE-20	SB-P-20-16
P004842	265	135	a	1	Electromagnetic Induction	PHY-12-JEE-20	SB-P-20-16
P009557	219	170	c	2	Electromagnetic Induction	PHY-12-JEE-20	SB-P-20-16
P002947	3302	12038	c	2	AC Circuits	PHY-12-JEE-21	SB-P-21-16
P004136	223	858	b	3	AC Circuits	PHY-12-JEE-21	SB-P-21-16
P004292	177	347	c	2	AC Circuits	PHY-12-JEE-21	SB-P-21-16
P004301	195	552	d	2	AC Circuits	PHY-12-JEE-21	SB-P-21-16
P004290	270	1027	b	2	AC Circuits	PHY-12-JEE-21	SB-P-21-16
P004291	220	215	c	2	AC Circuits	PHY-12-JEE-21	SB-P-21-16
P012367	397	661	a	3	AC Circuits	PHY-12-JEE-21	SB-P-21-16
P012368	16110	685	c	2	AC Circuits	PHY-12-JEE-21	SB-P-21-16
P012380	248	220	c	1	AC Circuits	PHY-12-JEE-21	SB-P-21-16
P012381	177	284	b	1	AC Circuits	PHY-12-JEE-21	SB-P-21-16
P012382	103	156	d	1	AC Circuits	PHY-12-JEE-21	SB-P-21-16
P012385	183	207	d	1	AC Circuits	PHY-12-JEE-21	SB-P-21-16
P012387	205	723	d	2	AC Circuits	PHY-12-JEE-21	SB-P-21-16
P012388	11905	207	d	2	AC Circuits	PHY-12-JEE-21	SB-P-21-16
P012389	11183	484	d	3	AC Circuits	PHY-12-JEE-21	SB-P-21-16
P003022	179	107	a	1	Ray Optics	PHY-12-JEE-22	SB-P-22-16
P003012	10479	21225	a	2	Ray Optics	PHY-12-JEE-22	SB-P-22-16
P003090	258	879	c	3	Ray Optics	PHY-12-JEE-22	SB-P-22-16
P003015	16782	16383	c	3	Ray Optics	PHY-12-JEE-22	SB-P-22-16
P003097	357	37864	c	2	Ray Optics	PHY-12-JEE-22	SB-P-22-16
P003020	25653	499	a	1	Ray Optics	PHY-12-JEE-22	SB-P-22-16
P003021	294	779	a	1	Ray Optics	PHY-12-JEE-22	SB-P-22-16
P003024	183	8364	a	1	Ray Optics	PHY-12-JEE-22	SB-P-22-16
P003029	237	13813	d	1	Ray Optics	PHY-12-JEE-22	SB-P-22-16
P003034	272	16825	b	3	Ray Optics	PHY-12-JEE-22	SB-P-22-16
P003070	19653	12407	b	2	Ray Optics	PHY-12-JEE-22	SB-P-22-16
P003078	314	348	a	2	Ray Optics	PHY-12-JEE-22	SB-P-22-16
P003081	157	18005	c	2	Ray Optics	PHY-12-JEE-22	SB-P-22-16
P003088	16115	15504	a	1	Ray Optics	PHY-12-JEE-22	SB-P-22-16
P003026	135	1272	b	2	Ray Optics	PHY-12-JEE-22	SB-P-22-16
P003102	385	451	b	2	Wave Optics	PHY-12-JEE-23	SB-P-23-16
P003107	295	16240	c	2	Wave Optics	PHY-12-JEE-23	SB-P-23-16
P003126	367	496	b	2	Wave Optics	PHY-12-JEE-23	SB-P-23-16
P004790	303	707	b	2	Wave Optics	PHY-12-JEE-23	SB-P-23-16
P004782	219	136	d	1	Wave Optics	PHY-12-JEE-23	SB-P-23-16
P003169	8400	610	b	2	Wave Optics	PHY-12-JEE-23	SB-P-23-16
P003172	254	214	a	2	Wave Optics	PHY-12-JEE-23	SB-P-23-16
P003176	194	300	c	2	Wave Optics	PHY-12-JEE-23	SB-P-23-16
P003188	15460	305	b	2	Wave Optics	PHY-12-JEE-23	SB-P-23-16
P003195	382	331	b	2	Wave Optics	PHY-12-JEE-23	SB-P-23-16
P003207	451	18815	c	2	Wave Optics	PHY-12-JEE-23	SB-P-23-16
P004780	124	328	a	1	Wave Optics	PHY-12-JEE-23	SB-P-23-16
P004781	199	446	b	2	Wave Optics	PHY-12-JEE-23	SB-P-23-16
P003120	102	56	b	1	Wave Optics	PHY-12-JEE-23	SB-P-23-16
P003163	16473	19509	a	3	Wave Optics	PHY-12-JEE-23	SB-P-23-16
P017649	58	452	a	1	Modern Physics	PHY-12-JEE-24	SB-P-24-16
P016164	46	123	d	1	Modern Physics	PHY-12-JEE-24	SB-P-24-16
P004283	150	314	b	1	Modern Physics	PHY-12-JEE-24	SB-P-24-16
P017651	1961	362	b	2	Modern Physics	PHY-12-JEE-24	SB-P-24-16
P016371	634	1117	a	3	Modern Physics	PHY-12-JEE-24	SB-P-24-16
P017130	397	171	a	2	Modern Physics	PHY-12-JEE-24	SB-P-24-16
P017652	403	314	b	3	Modern Physics	PHY-12-JEE-24	SB-P-24-16
P004288	268	651	b	2	Modern Physics	PHY-12-JEE-24	SB-P-24-16
P016358	141	452	b	2	Modern Physics	PHY-12-JEE-24	SB-P-24-16
P016367	314	8244	c	3	Modern Physics	PHY-12-JEE-24	SB-P-24-16
P017101	6239	207	a	2	Modern Physics	PHY-12-JEE-24	SB-P-24-16
P017114	416	955	d	2	Modern Physics	PHY-12-JEE-24	SB-P-24-16
P017118	175	89	d	1	Modern Physics	PHY-12-JEE-24	SB-P-24-16
P002996	107110	1000	a	2	Modern Physics	PHY-12-JEE-24	SB-P-24-16
P004853	397	11900	c	3	Modern Physics	PHY-12-JEE-24	SB-P-24-16
P004323	110	141	b	1	Semiconductor Electronics	PHY-12-JEE-25	SB-P-25-16
P004328	111	167	c	1	Semiconductor Electronics	PHY-12-JEE-25	SB-P-25-16
P004335	14944	166	b	2	Semiconductor Electronics	PHY-12-JEE-25	SB-P-25-16
P004329	245	168	c	1	Semiconductor Electronics	PHY-12-JEE-25	SB-P-25-16
P004322	149	162	a	2	Semiconductor Electronics	PHY-12-JEE-25	SB-P-25-16
P004333	6497	211	b	2	Semiconductor Electronics	PHY-12-JEE-25	SB-P-25-16
P004337	8780	176	a	2	Semiconductor Electronics	PHY-12-JEE-25	SB-P-25-16
P004339	255	213	c	2	Semiconductor Electronics	PHY-12-JEE-25	SB-P-25-16
P004347	11862	9071	c	3	Semiconductor Electronics	PHY-12-JEE-25	SB-P-25-16
P004348	12931	193	b	3	Semiconductor Electronics	PHY-12-JEE-25	SB-P-25-16
P004340	11633	126	a	2	Semiconductor Electronics	PHY-12-JEE-25	SB-P-25-16
P004344	7493	282	b	2	Semiconductor Electronics	PHY-12-JEE-25	SB-P-25-16
P004345	240	8978	d	2	Semiconductor Electronics	PHY-12-JEE-25	SB-P-25-16
P004898	8554	718	a	2	Semiconductor Electronics	PHY-12-JEE-25	SB-P-25-16
P004922	21398	289	c	2	Semiconductor Electronics	PHY-12-JEE-25	SB-P-25-16
P028179	107	186	c	1	Fundamentals of Mathematics	MTH-11-JEE-01	SB-M-01-17
P028180	76	473	b	1	Fundamentals of Mathematics	MTH-11-JEE-01	SB-M-01-17
P028181	75	662	c	2	Fundamentals of Mathematics	MTH-11-JEE-01	SB-M-01-17
P028182	149	430	b	2	Fundamentals of Mathematics	MTH-11-JEE-01	SB-M-01-17
P028183	142	339	d	3	Fundamentals of Mathematics	MTH-11-JEE-01	SB-M-01-17
P028184	31	72	a	2	Fundamentals of Mathematics	MTH-11-JEE-01	SB-M-01-17
P028185	161	414	c	2	Fundamentals of Mathematics	MTH-11-JEE-01	SB-M-01-17
P028188	49	225	d	2	Fundamentals of Mathematics	MTH-11-JEE-01	SB-M-01-17
P002304	218	513	b	2	Fundamentals of Mathematics	MTH-11-JEE-01	SB-M-01-17
P028189	22	68	a	1	Fundamentals of Mathematics	MTH-11-JEE-01	SB-M-01-17
P028190	47	188	b	1	Fundamentals of Mathematics	MTH-11-JEE-01	SB-M-01-17
P028191	21	63	d	1	Fundamentals of Mathematics	MTH-11-JEE-01	SB-M-01-17
P028192	83	498	a	3	Fundamentals of Mathematics	MTH-11-JEE-01	SB-M-01-17
P028193	160	194	b	3	Fundamentals of Mathematics	MTH-11-JEE-01	SB-M-01-17
P028195	46	319	d	3	Fundamentals of Mathematics	MTH-11-JEE-01	SB-M-01-17
P002301	82	314	b	2	Fundamentals of Mathematics	MTH-11-JEE-01	SB-M-01-17
P028197	72	252	c	2	Fundamentals of Mathematics	MTH-11-JEE-01	SB-M-01-17
P028219	119	154	b	2	Fundamentals of Mathematics	MTH-11-JEE-01	SB-M-01-17
P028220	175	278	d	2	Fundamentals of Mathematics	MTH-11-JEE-01	SB-M-01-17
P028221	201	182	c	2	Fundamentals of Mathematics	MTH-11-JEE-01	SB-M-01-17
P028532	329	16375	a	2	Sets, Relations and Functions	MTH-11-JEE-02	SB-M-02-17
P028528	206	749	b	1	Sets, Relations and Functions	MTH-11-JEE-02	SB-M-02-17
P028535	47527	111	d	1	Sets, Relations and Functions	MTH-11-JEE-02	SB-M-02-17
P028523	78	163181	a	2	Sets, Relations and Functions	MTH-11-JEE-02	SB-M-02-17
P028527	95	229	a	1	Sets, Relations and Functions	MTH-11-JEE-02	SB-M-02-17
P028540	142	687	a	3	Sets, Relations and Functions	MTH-11-JEE-02	SB-M-02-17
P028525	109	213	c	2	Sets, Relations and Functions	MTH-11-JEE-02	SB-M-02-17
P028539	88	471	c	2	Sets, Relations and Functions	MTH-11-JEE-02	SB-M-02-17
P028538	84	597	b	3	Sets, Relations and Functions	MTH-11-JEE-02	SB-M-02-17
P028541	70	580	d	2	Sets, Relations and Functions	MTH-11-JEE-02	SB-M-02-17
P028534	437	534	b	3	Sets, Relations and Functions	MTH-11-JEE-02	SB-M-02-17
P002313	291	538	b	3	Sets, Relations and Functions	MTH-11-JEE-02	SB-M-02-17
P028530	198	482	d	2	Sets, Relations and Functions	MTH-11-JEE-02	SB-M-02-17
P028533	264	16445	a	2	Sets, Relations and Functions	MTH-11-JEE-02	SB-M-02-17
P030756	159	162	d	1	Sets, Relations and Functions	MTH-11-JEE-02	SB-M-02-17
P030438	146	215	c	2	Sets, Relations and Functions	MTH-11-JEE-02	SB-M-02-17
P028531	30	126	b	1	Sets, Relations and Functions	MTH-11-JEE-02	SB-M-02-17
P030433	178	699	c	3	Sets, Relations and Functions	MTH-11-JEE-02	SB-M-02-17
P028526	72	2454	c	2	Sets, Relations and Functions	MTH-11-JEE-02	SB-M-02-17
P002308	225	614	a	2	Sets, Relations and Functions	MTH-11-JEE-02	SB-M-02-17
P033416	100	543	c	2	Trigonometry	MTH-11-JEE-03	SB-M-03-17
P033421	206	323	d	1	Trigonometry	MTH-11-JEE-03	SB-M-03-17
P033425	179	573	b	2	Trigonometry	MTH-11-JEE-03	SB-M-03-17
P033428	180	686	a	3	Trigonometry	MTH-11-JEE-03	SB-M-03-17
P008170	92	833	b	3	Trigonometry	MTH-11-JEE-03	SB-M-03-17
P033432	83	468	c	1	Trigonometry	MTH-11-JEE-03	SB-M-03-17
P033436	59	298	c	1	Trigonometry	MTH-11-JEE-03	SB-M-03-17
P008169	70	443	d	2	Trigonometry	MTH-11-JEE-03	SB-M-03-17
P033445	63	400	c	1	Trigonometry	MTH-11-JEE-03	SB-M-03-17
P033449	149	462	b	2	Trigonometry	MTH-11-JEE-03	SB-M-03-17
P033453	41	159	c	1	Trigonometry	MTH-11-JEE-03	SB-M-03-17
P033476	117	512	b	3	Trigonometry	MTH-11-JEE-03	SB-M-03-17
P033480	57	772	a	2	Trigonometry	MTH-11-JEE-03	SB-M-03-17
P033481	110	398	d	2	Trigonometry	MTH-11-JEE-03	SB-M-03-17
P033484	53	232	c	2	Trigonometry	MTH-11-JEE-03	SB-M-03-17
P033487	123	468	c	2	Trigonometry	MTH-11-JEE-03	SB-M-03-17
P033493	141	869	c	3	Trigonometry	MTH-11-JEE-03	SB-M-03-17
P033488	72	194	d	2	Trigonometry	MTH-11-JEE-03	SB-M-03-17
P033498	131	481	b	2	Trigonometry	MTH-11-JEE-03	SB-M-03-17
P033500	77	146	b	1	Trigonometry	MTH-11-JEE-03	SB-M-03-17
P037913	112	6906	d	2	Inequalities	MTH-11-JEE-05	SB-M-05-17
P037917	104	11829	a	2	Inequalities	MTH-11-JEE-05	SB-M-05-17
P037920	47	594	a	2	Inequalities	MTH-11-JEE-05	SB-M-05-17
P037923	53	7245	d	2	Inequalities	MTH-11-JEE-05	SB-M-05-17
P037945	74	1164	d	2	Inequalities	MTH-11-JEE-05	SB-M-05-17
P037948	106	7683	b	3	Inequalities	MTH-11-JEE-05	SB-M-05-17
P037952	53	860	c	2	Inequalities	MTH-11-JEE-05	SB-M-05-17
P037956	62	534	c	3	Inequalities	MTH-11-JEE-05	SB-M-05-17
P037961	129	332	c	2	Inequalities	MTH-11-JEE-05	SB-M-05-17
P037975	115	50741	c	1	Inequalities	MTH-11-JEE-05	SB-M-05-17
P037991	13520	841	d	1	Inequalities	MTH-11-JEE-05	SB-M-05-17
P037997	108	939	a	3	Inequalities	MTH-11-JEE-05	SB-M-05-17
P038014	160	64546	c	2	Inequalities	MTH-11-JEE-05	SB-M-05-17
P038019	52	1036	c	3	Inequalities	MTH-11-JEE-05	SB-M-05-17
P038022	47	421	a	2	Inequalities	MTH-11-JEE-05	SB-M-05-17
P038024	87	5502	b	2	Inequalities	MTH-11-JEE-05	SB-M-05-17
P038052	10955	99	a	1	Inequalities	MTH-11-JEE-05	SB-M-05-17
P038053	100	7026	d	3	Inequalities	MTH-11-JEE-05	SB-M-05-17
P038054	99	226	c	1	Inequalities	MTH-11-JEE-05	SB-M-05-17
P038057	80	186	c	1	Inequalities	MTH-11-JEE-05	SB-M-05-17
P038688	60	199	a	1	Quadratic Equations	MTH-11-JEE-06	SB-M-06-17
P038677	155	584	a	2	Quadratic Equations	MTH-11-JEE-06	SB-M-06-17
P009268	63	8343	d	3	Quadratic Equations	MTH-11-JEE-06	SB-M-06-17
P038703	185	680	c	2	Quadratic Equations	MTH-11-JEE-06	SB-M-06-17
P009027	159	958	d	2	Quadratic Equations	MTH-11-JEE-06	SB-M-06-17
P038656	93	641	c	2	Quadratic Equations	MTH-11-JEE-06	SB-M-06-17
P009263	88	393	a	2	Quadratic Equations	MTH-11-JEE-06	SB-M-06-17
P009259	132	394	c	2	Quadratic Equations	MTH-11-JEE-06	SB-M-06-17
P038681	183	1287	d	3	Quadratic Equations	MTH-11-JEE-06	SB-M-06-17
P009025	127	410	b	2	Quadratic Equations	MTH-11-JEE-06	SB-M-06-17
P009033	3992	272	b	1	Quadratic Equations	MTH-11-JEE-06	SB-M-06-17
P038716	72	1310	a	3	Quadratic Equations	MTH-11-JEE-06	SB-M-06-17
P009265	137	546	c	2	Quadratic Equations	MTH-11-JEE-06	SB-M-06-17
P038710	228	397	a	2	Quadratic Equations	MTH-11-JEE-06	SB-M-06-17
P009028	116	355	d	2	Quadratic Equations	MTH-11-JEE-06	SB-M-06-17
P038672	164	5906	c	3	Quadratic Equations	MTH-11-JEE-06	SB-M-06-17
P009031	7336	408	c	1	Quadratic Equations	MTH-11-JEE-06	SB-M-06-17
P009260	68	285	c	2	Quadratic Equations	MTH-11-JEE-06	SB-M-06-17
P038687	146	1012	c	3	Quadratic Equations	MTH-11-JEE-06	SB-M-06-17
P009029	86	778	a	2	Quadratic Equations	MTH-11-JEE-06	SB-M-06-17
P011358	117	137	b	1	Complex Numbers	MTH-11-JEE-07	SB-M-07-17
P011377	91	655	c	2	Complex Numbers	MTH-11-JEE-07	SB-M-07-17
P011327	207	294	d	2	Complex Numbers	MTH-11-JEE-07	SB-M-07-17
P011371	138	774	c	2	Complex Numbers	MTH-11-JEE-07	SB-M-07-17
P039756	134	766	d	2	Complex Numbers	MTH-11-JEE-07	SB-M-07-17
P040067	55	402	b	1	Complex Numbers	MTH-11-JEE-07	SB-M-07-17
P039754	41	364	a	2	Complex Numbers	MTH-11-JEE-07	SB-M-07-17
P011366	86	256	c	1	Complex Numbers	MTH-11-JEE-07	SB-M-07-17
P011363	118	252	c	1	Complex Numbers	MTH-11-JEE-07	SB-M-07-17
P011351	143	564	c	2	Complex Numbers	MTH-11-JEE-07	SB-M-07-17
P011361	68	478	d	2	Complex Numbers	MTH-11-JEE-07	SB-M-07-17
P011355	112	421	b	2	Complex Numbers	MTH-11-JEE-07	SB-M-07-17
P011372	167	488	b	3	Complex Numbers	MTH-11-JEE-07	SB-M-07-17
P011360	145	898	d	3	Complex Numbers	MTH-11-JEE-07	SB-M-07-17
P039751	71	278	b	1	Complex Numbers	MTH-11-JEE-07	SB-M-07-17
P011380	146	919	d	3	Complex Numbers	MTH-11-JEE-07	SB-M-07-17
P011369	118	683	c	3	Complex Numbers	MTH-11-JEE-07	SB-M-07-17
P039753	100	959	c	2	Complex Numbers	MTH-11-JEE-07	SB-M-07-17
P011370	158	504	b	2	Complex Numbers	MTH-11-JEE-07	SB-M-07-17
P011326	88	427	c	1	Complex Numbers	MTH-11-JEE-07	SB-M-07-17
P013237	125	158	c	1	Permutations and Combinations	MTH-11-JEE-08	SB-M-08-17
P013232	144	984	b	2	Permutations and Combinations	MTH-11-JEE-08	SB-M-08-17
P013243	239	871	b	2	Permutations and Combinations	MTH-11-JEE-08	SB-M-08-17
P013247	144	1103	c	3	Permutations and Combinations	MTH-11-JEE-08	SB-M-08-17
P013231	153	250	a	1	Permutations and Combinations	MTH-11-JEE-08	SB-M-08-17
P013233	229	373	d	2	Permutations and Combinations	MTH-11-JEE-08	SB-M-08-17
P013236	77	104	a	1	Permutations and Combinations	MTH-11-JEE-08	SB-M-08-17
P013238	233	248	c	1	Permutations and Combinations	MTH-11-JEE-08	SB-M-08-17
P040524	71	225	c	2	Permutations and Combinations	MTH-11-JEE-08	SB-M-08-17
P013240	97	619	b	1	Permutations and Combinations	MTH-11-JEE-08	SB-M-08-17
P040231	159	500	b	3	Permutations and Combinations	MTH-11-JEE-08	SB-M-08-17
P040226	91	1667	a	3	Permutations and Combinations	MTH-11-JEE-08	SB-M-08-17
P040229	187	1310	a	1	Permutations and Combinations	MTH-11-JEE-08	SB-M-08-17
P040221	109	679	a	2	Permutations and Combinations	MTH-11-JEE-08	SB-M-08-17
P040225	117	73855	b	3	Permutations and Combinations	MTH-11-JEE-08	SB-M-08-17
P040296	260	673	d	2	Permutations and Combinations	MTH-11-JEE-08	SB-M-08-17
P040230	332	592	a	2	Permutations and Combinations	MTH-11-JEE-08	SB-M-08-17
P040223	220	1217	a	3	Permutations and Combinations	MTH-11-JEE-08	SB-M-08-17
P040308	106	978	a	2	Permutations and Combinations	MTH-11-JEE-08	SB-M-08-17
P040522	204	1016	c	2	Permutations and Combinations	MTH-11-JEE-08	SB-M-08-17
P014413	128	332	b	3	Binomial Theorem	MTH-11-JEE-09	SB-M-09-17
P040859	94	432	b	2	Binomial Theorem	MTH-11-JEE-09	SB-M-09-17
P014417	143	154	a	1	Binomial Theorem	MTH-11-JEE-09	SB-M-09-17
P040882	103	382	a	2	Binomial Theorem	MTH-11-JEE-09	SB-M-09-17
P040897	160	453	c	3	Binomial Theorem	MTH-11-JEE-09	SB-M-09-17
P014421	58	322	c	2	Binomial Theorem	MTH-11-JEE-09	SB-M-09-17
P040900	97	159	a	1	Binomial Theorem	MTH-11-JEE-09	SB-M-09-17
P014420	90	298	a	2	Binomial Theorem	MTH-11-JEE-09	SB-M-09-17
P040903	236	438	d	2	Binomial Theorem	MTH-11-JEE-09	SB-M-09-17
P014419	73	125	d	1	Binomial Theorem	MTH-11-JEE-09	SB-M-09-17
P014422	165	334	c	2	Binomial Theorem	MTH-11-JEE-09	SB-M-09-17
P040905	103	352	d	2	Binomial Theorem	MTH-11-JEE-09	SB-M-09-17
P040911	50	142	b	1	Binomial Theorem	MTH-11-JEE-09	SB-M-09-17
P014414	93	726	a	3	Binomial Theorem	MTH-11-JEE-09	SB-M-09-17
P040917	70	326	b	2	Binomial Theorem	MTH-11-JEE-09	SB-M-09-17
P040920	74	411	d	3	Binomial Theorem	MTH-11-JEE-09	SB-M-09-17
P014415	87	174	a	2	Binomial Theorem	MTH-11-JEE-09	SB-M-09-17
P014416	108	610	a	3	Binomial Theorem	MTH-11-JEE-09	SB-M-09-17
P040921	138	279	c	2	Binomial Theorem	MTH-11-JEE-09	SB-M-09-17
P014418	128	199	b	2	Binomial Theorem	MTH-11-JEE-09	SB-M-09-17
P015444	123	405	d	1	Sequence and Series	MTH-11-JEE-10	SB-M-10-17
P015449	227	323	a	1	Sequence and Series	MTH-11-JEE-10	SB-M-10-17
P043245	113	796	d	2	Sequence and Series	MTH-11-JEE-10	SB-M-10-17
P043200	145	874	c	2	Sequence and Series	MTH-11-JEE-10	SB-M-10-17
P043689	72	333	b	3	Sequence and Series	MTH-11-JEE-10	SB-M-10-17
P015399	97	553	a	2	Sequence and Series	MTH-11-JEE-10	SB-M-10-17
P043691	45	386	a	2	Sequence and Series	MTH-11-JEE-10	SB-M-10-17
P043067	154	721	c	3	Sequence and Series	MTH-11-JEE-10	SB-M-10-17
P043065	195	1012	b	2	Sequence and Series	MTH-11-JEE-10	SB-M-10-17
P015442	124	548	a	3	Sequence and Series	MTH-11-JEE-10	SB-M-10-17
P015452	231	835	c	2	Sequence and Series	MTH-11-JEE-10	SB-M-10-17
P043064	165	245	a	1	Sequence and Series	MTH-11-JEE-10	SB-M-10-17
P043269	74	1391	b	2	Sequence and Series	MTH-11-JEE-10	SB-M-10-17
P015401	72	485	b	2	Sequence and Series	MTH-11-JEE-10	SB-M-10-17
P043372	107	771	d	2	Sequence and Series	MTH-11-JEE-10	SB-M-10-17
P015446	118	319	b	2	Sequence and Series	MTH-11-JEE-10	SB-M-10-17
P015456	219	562	b	3	Sequence and Series	MTH-11-JEE-10	SB-M-10-17
P015410	89	323	a	1	Sequence and Series	MTH-11-JEE-10	SB-M-10-17
P043169	195	8657	d	3	Sequence and Series	MTH-11-JEE-10	SB-M-10-17
P015450	148	294	d	1	Sequence and Series	MTH-11-JEE-10	SB-M-10-17
P004843	68	269	c	1	Limits	MTH-11-JEE-11	SB-M-11-17
P043638	95	673	c	2	Limits	MTH-11-JEE-11	SB-M-11-17
P018313	182	485	a	3	Limits	MTH-11-JEE-11	SB-M-11-17
P017124	359	476	c	2	Limits	MTH-11-JEE-11	SB-M-11-17
P043640	147	738	b	3	Limits	MTH-11-JEE-11	SB-M-11-17
P016939	44	550	b	2	Limits	MTH-11-JEE-11	SB-M-11-17
P004866	138	798	b	3	Limits	MTH-11-JEE-11	SB-M-11-17
P043639	125	1038	c	2	Limits	MTH-11-JEE-11	SB-M-11-17
P025838	54	229	d	1	Limits	MTH-11-JEE-11	SB-M-11-17
P004852	66	311	c	2	Limits	MTH-11-JEE-11	SB-M-11-17
P004841	109	782	c	2	Limits	MTH-11-JEE-11	SB-M-11-17
P043641	135	641	b	3	Limits	MTH-11-JEE-11	SB-M-11-17
P043637	69	595	d	1	Limits	MTH-11-JEE-11	SB-M-11-17
P004847	71	639	c	2	Limits	MTH-11-JEE-11	SB-M-11-17
P004836	84	603	b	2	Limits	MTH-11-JEE-11	SB-M-11-17
P004844	178	432	a	2	Limits	MTH-11-JEE-11	SB-M-11-17
P017106	38	514	c	2	Limits	MTH-11-JEE-11	SB-M-11-17
P016935	143	831	b	3	Limits	MTH-11-JEE-11	SB-M-11-17
P043642	69	493	b	2	Limits	MTH-11-JEE-11	SB-M-11-17
P016949	56	288	d	1	Limits	MTH-11-JEE-11	SB-M-11-17
P044791	202	321	c	1	Straight Lines	MTH-11-JEE-12	SB-M-12-17
P044772	255	55658	a	2	Straight Lines	MTH-11-JEE-12	SB-M-12-17
P044786	226	241	d	2	Straight Lines	MTH-11-JEE-12	SB-M-12-17
P017641	172	8387	a	2	Straight Lines	MTH-11-JEE-12	SB-M-12-17
P017637	344	26090	c	3	Straight Lines	MTH-11-JEE-12	SB-M-12-17
P017645	169	476	c	2	Straight Lines	MTH-11-JEE-12	SB-M-12-17
P044737	152	318	c	2	Straight Lines	MTH-11-JEE-12	SB-M-12-17
P044700	163	10521	c	1	Straight Lines	MTH-11-JEE-12	SB-M-12-17
P044733	124	12528	c	1	Straight Lines	MTH-11-JEE-12	SB-M-12-17
P017633	94	13253	c	3	Straight Lines	MTH-11-JEE-12	SB-M-12-17
P017648	178	402	b	2	Straight Lines	MTH-11-JEE-12	SB-M-12-17
P017634	112	266	d	2	Straight Lines	MTH-11-JEE-12	SB-M-12-17
P044626	256	236	a	2	Straight Lines	MTH-11-JEE-12	SB-M-12-17
P044781	121	130	b	1	Straight Lines	MTH-11-JEE-12	SB-M-12-17
P017639	147	624	b	2	Straight Lines	MTH-11-JEE-12	SB-M-12-17
P017638	83	934	d	2	Straight Lines	MTH-11-JEE-12	SB-M-12-17
P017642	179	934	b	2	Straight Lines	MTH-11-JEE-12	SB-M-12-17
P045723	302	452	d	3	Straight Lines	MTH-11-JEE-12	SB-M-12-17
P045724	260	1454	c	3	Straight Lines	MTH-11-JEE-12	SB-M-12-17
P045725	165	22064	d	3	Straight Lines	MTH-11-JEE-12	SB-M-12-17
P021811	132	333	d	2	Conic Sections - I	MTH-11-JEE-13	SB-M-13-16
P021813	86	207	c	1	Conic Sections - I	MTH-11-JEE-13	SB-M-13-16
P021816	115	684	a	2	Conic Sections - I	MTH-11-JEE-13	SB-M-13-16
P021818	88	217	d	1	Conic Sections - I	MTH-11-JEE-13	SB-M-13-16
P020302	88	210	c	1	Conic Sections - I	MTH-11-JEE-13	SB-M-13-16
P021831	136	517	a	3	Conic Sections - I	MTH-11-JEE-13	SB-M-13-16
P022359	158	58245	d	2	Conic Sections - I	MTH-11-JEE-13	SB-M-13-16
P020311	113	72	b	1	Conic Sections - I	MTH-11-JEE-13	SB-M-13-16
P021837	154	609	c	3	Conic Sections - I	MTH-11-JEE-13	SB-M-13-16
P022357	133	620	c	2	Conic Sections - I	MTH-11-JEE-13	SB-M-13-16
P021840	190	347	d	2	Conic Sections - I	MTH-11-JEE-13	SB-M-13-16
P021842	68	781	a	2	Conic Sections - I	MTH-11-JEE-13	SB-M-13-16
P021845	230	847	d	2	Conic Sections - I	MTH-11-JEE-13	SB-M-13-16
P021848	273	1125	a	2	Conic Sections - I	MTH-11-JEE-13	SB-M-13-16
P021849	153	603	b	3	Conic Sections - I	MTH-11-JEE-13	SB-M-13-16
P022651	100	514	b	2	Conic Sections - II	MTH-11-JEE-14	SB-M-44-16
P021864	138	476	b	2	Conic Sections - II	MTH-11-JEE-14	SB-M-44-16
P022333	136	193	c	1	Conic Sections - II	MTH-11-JEE-14	SB-M-44-16
P021866	106	304	b	2	Conic Sections - II	MTH-11-JEE-14	SB-M-44-16
P022334	89	337	a	1	Conic Sections - II	MTH-11-JEE-14	SB-M-44-16
P021859	180	483	c	3	Conic Sections - II	MTH-11-JEE-14	SB-M-44-16
P021854	139	265	b	1	Conic Sections - II	MTH-11-JEE-14	SB-M-44-16
P021856	198	359	d	2	Conic Sections - II	MTH-11-JEE-14	SB-M-44-16
P022650	459	56393	d	2	Conic Sections - II	MTH-11-JEE-14	SB-M-44-16
P021868	240	1047	a	3	Conic Sections - II	MTH-11-JEE-14	SB-M-44-16
P021870	293	328	c	2	Conic Sections - II	MTH-11-JEE-14	SB-M-44-16
P021869	267	292	b	2	Conic Sections - II	MTH-11-JEE-14	SB-M-44-16
P021857	169	442	b	2	Conic Sections - II	MTH-11-JEE-14	SB-M-44-16
P021861	292	23618	d	3	Conic Sections - II	MTH-11-JEE-14	SB-M-44-16
P021871	324	343	d	1	Conic Sections - II	MTH-11-JEE-14	SB-M-44-16
P023696	71	1422	a	2	Mathematical Reasoning	MTH-11-JEE-15	SB-M-15-17
P023888	176	2448	b	3	Mathematical Reasoning	MTH-11-JEE-15	SB-M-15-17
P023698	34	508	d	2	Mathematical Reasoning	MTH-11-JEE-15	SB-M-15-17
P023714	61	140	a	1	Mathematical Reasoning	MTH-11-JEE-15	SB-M-15-17
P023720	39	3024	b	3	Mathematical Reasoning	MTH-11-JEE-15	SB-M-15-17
P023707	63	1549	c	2	Mathematical Reasoning	MTH-11-JEE-15	SB-M-15-17
P023852	457	1722	a	2	Mathematical Reasoning	MTH-11-JEE-15	SB-M-15-17
P023835	62	240	c	1	Mathematical Reasoning	MTH-11-JEE-15	SB-M-15-17
P023715	92	1605	b	3	Mathematical Reasoning	MTH-11-JEE-15	SB-M-15-17
P023712	82	200	a	1	Mathematical Reasoning	MTH-11-JEE-15	SB-M-15-17
P023705	71	292	d	2	Mathematical Reasoning	MTH-11-JEE-15	SB-M-15-17
P023861	373	302	a	2	Mathematical Reasoning	MTH-11-JEE-15	SB-M-15-17
P023701	86	467	a	1	Mathematical Reasoning	MTH-11-JEE-15	SB-M-15-17
P023704	109	227	c	2	Mathematical Reasoning	MTH-11-JEE-15	SB-M-15-17
P023716	63	1761	c	2	Mathematical Reasoning	MTH-11-JEE-15	SB-M-15-17
P023926	175	186	b	2	Statistics	MTH-11-JEE-16	SB-M-16-17
P023914	156	167	a	1	Statistics	MTH-11-JEE-16	SB-M-16-17
P023982	276	401	b	3	Statistics	MTH-11-JEE-16	SB-M-16-17
P023980	124	599	b	2	Statistics	MTH-11-JEE-16	SB-M-16-17
P023906	149	671	c	3	Statistics	MTH-11-JEE-16	SB-M-16-17
P023904	137	214	d	1	Statistics	MTH-11-JEE-16	SB-M-16-17
P023941	194	585	b	2	Statistics	MTH-11-JEE-16	SB-M-16-17
P024157	101	677	b	2	Statistics	MTH-11-JEE-16	SB-M-16-17
P023933	165	409	b	2	Statistics	MTH-11-JEE-16	SB-M-16-17
P023935	284	508	c	3	Statistics	MTH-11-JEE-16	SB-M-16-17
P023736	308	334	b	2	Statistics	MTH-11-JEE-16	SB-M-16-17
P024185	74	173	a	1	Statistics	MTH-11-JEE-16	SB-M-16-17
P023922	178	233	a	2	Statistics	MTH-11-JEE-16	SB-M-16-17
P024196	71	486	d	2	Statistics	MTH-11-JEE-16	SB-M-16-17
P023903	126	238	a	1	Statistics	MTH-11-JEE-16	SB-M-16-17
P027668	146	759	d	2	Functions 2	MTH-12-JEE-17	SB-M-17-17
P005866	32	111	b	1	Functions 2	MTH-12-JEE-17	SB-M-17-17
P027672	204	812	a	3	Functions 2	MTH-12-JEE-17	SB-M-17-17
P005878	93	271	c	2	Functions 2	MTH-12-JEE-17	SB-M-17-17
P005871	40	194	d	1	Functions 2	MTH-12-JEE-17	SB-M-17-17
P005869	129	403	d	2	Functions 2	MTH-12-JEE-17	SB-M-17-17
P005870	312	44068	b	3	Functions 2	MTH-12-JEE-17	SB-M-17-17
P005872	67	492	b	2	Functions 2	MTH-12-JEE-17	SB-M-17-17
P027676	310	1130	b	3	Functions 2	MTH-12-JEE-17	SB-M-17-17
P005877	144	408	c	2	Functions 2	MTH-12-JEE-17	SB-M-17-17
P005868	52	39165	b	2	Functions 2	MTH-12-JEE-17	SB-M-17-17
P005874	99	38651	b	3	Functions 2	MTH-12-JEE-17	SB-M-17-17
P005875	60	455	b	2	Functions 2	MTH-12-JEE-17	SB-M-17-17
P005864	115	129	a	1	Functions 2	MTH-12-JEE-17	SB-M-17-17
P027673	279	640	d	3	Functions 2	MTH-12-JEE-17	SB-M-17-17
P005873	131	164	d	1	Functions 2	MTH-12-JEE-17	SB-M-17-17
P027670	190	184	b	2	Functions 2	MTH-12-JEE-17	SB-M-17-17
P027675	227	461	d	2	Functions 2	MTH-12-JEE-17	SB-M-17-17
P027671	187	593	d	2	Functions 2	MTH-12-JEE-17	SB-M-17-17
P005863	83	427	d	2	Functions 2	MTH-12-JEE-17	SB-M-17-17
P006282	67	337	a	1	Inverse Trigonometry 	MTH-12-JEE-18	SB-M-18-16
P006467	135	588	c	2	Inverse Trigonometry 	MTH-12-JEE-18	SB-M-18-16
P006284	79	182	c	2	Inverse Trigonometry 	MTH-12-JEE-18	SB-M-18-16
P006285	173	674	d	2	Inverse Trigonometry 	MTH-12-JEE-18	SB-M-18-16
P006286	67	655	b	2	Inverse Trigonometry 	MTH-12-JEE-18	SB-M-18-16
P006473	62	10955	b	1	Inverse Trigonometry 	MTH-12-JEE-18	SB-M-18-16
P006288	55	981	a	2	Inverse Trigonometry 	MTH-12-JEE-18	SB-M-18-16
P006289	77	527	a	2	Inverse Trigonometry 	MTH-12-JEE-18	SB-M-18-16
P006471	134	500	a	1	Inverse Trigonometry 	MTH-12-JEE-18	SB-M-18-16
P006292	84	956	c	2	Inverse Trigonometry 	MTH-12-JEE-18	SB-M-18-16
P006293	63	232	c	1	Inverse Trigonometry 	MTH-12-JEE-18	SB-M-18-16
P006294	91	899	b	3	Inverse Trigonometry 	MTH-12-JEE-18	SB-M-18-16
P006295	104	193	b	1	Inverse Trigonometry 	MTH-12-JEE-18	SB-M-18-16
P006466	99	241	d	2	Inverse Trigonometry 	MTH-12-JEE-18	SB-M-18-16
P006297	88	712	d	3	Inverse Trigonometry 	MTH-12-JEE-18	SB-M-18-16
P007744	159	385	b	1	Matrices and Determinants	MTH-12-JEE-19	SB-M-19-16
P007745	144	1314	a	3	Matrices and Determinants	MTH-12-JEE-19	SB-M-19-16
P007746	110	369	b	2	Matrices and Determinants	MTH-12-JEE-19	SB-M-19-16
P007747	173	798	d	2	Matrices and Determinants	MTH-12-JEE-19	SB-M-19-16
P007748	273	403	c	2	Matrices and Determinants	MTH-12-JEE-19	SB-M-19-16
P007749	137	183	b	1	Matrices and Determinants	MTH-12-JEE-19	SB-M-19-16
P007750	155	1653	b	3	Matrices and Determinants	MTH-12-JEE-19	SB-M-19-16
P007751	425	166	b	2	Matrices and Determinants	MTH-12-JEE-19	SB-M-19-16
P007752	220	1723	a	2	Matrices and Determinants	MTH-12-JEE-19	SB-M-19-16
P007753	161	780	c	2	Matrices and Determinants	MTH-12-JEE-19	SB-M-19-16
P007754	163	197	b	1	Matrices and Determinants	MTH-12-JEE-19	SB-M-19-16
P007755	260	453	a	2	Matrices and Determinants	MTH-12-JEE-19	SB-M-19-16
P007756	126	295	b	1	Matrices and Determinants	MTH-12-JEE-19	SB-M-19-16
P007757	285	505	c	3	Matrices and Determinants	MTH-12-JEE-19	SB-M-19-16
P007758	89	1355	c	2	Matrices and Determinants	MTH-12-JEE-19	SB-M-19-16
P008048	199	836	a	2	Continuity and Differentiability	MTH-12-JEE-20	SB-M-20-16
P008049	110	430	c	1	Continuity and Differentiability	MTH-12-JEE-20	SB-M-20-16
P008050	13296	10816	b	2	Continuity and Differentiability	MTH-12-JEE-20	SB-M-20-16
P008052	293	1606	b	3	Continuity and Differentiability	MTH-12-JEE-20	SB-M-20-16
P008053	84	858	d	1	Continuity and Differentiability	MTH-12-JEE-20	SB-M-20-16
P008056	176	447	c	2	Continuity and Differentiability	MTH-12-JEE-20	SB-M-20-16
P008058	46	468	d	2	Continuity and Differentiability	MTH-12-JEE-20	SB-M-20-16
P008065	71	1121	d	3	Continuity and Differentiability	MTH-12-JEE-20	SB-M-20-16
P008066	148	348	a	2	Continuity and Differentiability	MTH-12-JEE-20	SB-M-20-16
P008068	71	639	c	2	Continuity and Differentiability	MTH-12-JEE-20	SB-M-20-16
P008070	138	1042	b	3	Continuity and Differentiability	MTH-12-JEE-20	SB-M-20-16
P008076	61	151	c	1	Continuity and Differentiability	MTH-12-JEE-20	SB-M-20-16
P008077	73	267	b	2	Continuity and Differentiability	MTH-12-JEE-20	SB-M-20-16
P008079	188	275	c	1	Continuity and Differentiability	MTH-12-JEE-20	SB-M-20-16
P008080	104	641	d	2	Continuity and Differentiability	MTH-12-JEE-20	SB-M-20-16
P009573	162	1011	a	2	Applications of Derivatives	MTH-12-JEE-21	SB-M-21-16
P009575	91	507	a	2	Applications of Derivatives	MTH-12-JEE-21	SB-M-21-16
P009577	113	256	c	1	Applications of Derivatives	MTH-12-JEE-21	SB-M-21-16
P009581	175	451	c	3	Applications of Derivatives	MTH-12-JEE-21	SB-M-21-16
P009584	53	214	b	1	Applications of Derivatives	MTH-12-JEE-21	SB-M-21-16
P009587	56	876	b	2	Applications of Derivatives	MTH-12-JEE-21	SB-M-21-16
P009589	103	1273	c	3	Applications of Derivatives	MTH-12-JEE-21	SB-M-21-16
P009590	38	182	a	1	Applications of Derivatives	MTH-12-JEE-21	SB-M-21-16
P009592	111	593	d	3	Applications of Derivatives	MTH-12-JEE-21	SB-M-21-16
P009594	274	6403	b	2	Applications of Derivatives	MTH-12-JEE-21	SB-M-21-16
P009598	147	14024	b	3	Applications of Derivatives	MTH-12-JEE-21	SB-M-21-16
P009599	192	499	b	2	Applications of Derivatives	MTH-12-JEE-21	SB-M-21-16
P009602	111	1188	c	3	Applications of Derivatives	MTH-12-JEE-21	SB-M-21-16
P009603	41	182	b	1	Applications of Derivatives	MTH-12-JEE-21	SB-M-21-16
P009605	98	396	a	2	Applications of Derivatives	MTH-12-JEE-21	SB-M-21-16
P009607	57	123	d	1	Indefinite Integration	MTH-12-JEE-22	SB-M-22-16
P009608	96	899	b	2	Indefinite Integration	MTH-12-JEE-22	SB-M-22-16
P009609	83	535	d	2	Indefinite Integration	MTH-12-JEE-22	SB-M-22-16
P009610	39	733	a	1	Indefinite Integration	MTH-12-JEE-22	SB-M-22-16
P009611	36	379	c	2	Indefinite Integration	MTH-12-JEE-22	SB-M-22-16
P009612	28	402	b	2	Indefinite Integration	MTH-12-JEE-22	SB-M-22-16
P009613	44	1243	a	3	Indefinite Integration	MTH-12-JEE-22	SB-M-22-16
P009614	41	224	b	1	Indefinite Integration	MTH-12-JEE-22	SB-M-22-16
P009616	177	515	d	2	Indefinite Integration	MTH-12-JEE-22	SB-M-22-16
P009617	38	841	c	2	Indefinite Integration	MTH-12-JEE-22	SB-M-22-16
P009618	35	440	c	2	Indefinite Integration	MTH-12-JEE-22	SB-M-22-16
P009619	54	601	a	3	Indefinite Integration	MTH-12-JEE-22	SB-M-22-16
P009620	64	149	c	1	Indefinite Integration	MTH-12-JEE-22	SB-M-22-16
P009621	57	501	b	3	Indefinite Integration	MTH-12-JEE-22	SB-M-22-16
P009622	77	155	d	2	Indefinite Integration	MTH-12-JEE-22	SB-M-22-16
P010414	99	718	a	2	Definite Integration	MTH-12-JEE-23	SB-M-23-16
P010449	34	479	c	1	Definite Integration	MTH-12-JEE-23	SB-M-23-16
P010455	145	620	b	3	Definite Integration	MTH-12-JEE-23	SB-M-23-16
P010514	56	10832	b	2	Definite Integration	MTH-12-JEE-23	SB-M-23-16
P010515	89	382	a	2	Definite Integration	MTH-12-JEE-23	SB-M-23-16
P010517	72	469	d	2	Definite Integration	MTH-12-JEE-23	SB-M-23-16
P010518	42	614	b	1	Definite Integration	MTH-12-JEE-23	SB-M-23-16
P010519	114	635	b	3	Definite Integration	MTH-12-JEE-23	SB-M-23-16
P010520	98	18132	a	2	Definite Integration	MTH-12-JEE-23	SB-M-23-16
P010522	188	306	d	3	Definite Integration	MTH-12-JEE-23	SB-M-23-16
P010523	34	609	a	1	Definite Integration	MTH-12-JEE-23	SB-M-23-16
P010524	82	5637	d	2	Definite Integration	MTH-12-JEE-23	SB-M-23-16
P010525	120	503	d	3	Definite Integration	MTH-12-JEE-23	SB-M-23-16
P010526	72	6828	a	1	Definite Integration	MTH-12-JEE-23	SB-M-23-16
P010527	89	693	b	2	Definite Integration	MTH-12-JEE-23	SB-M-23-16
P011727	195	692	a	3	Differential Equations	MTH-12-JEE-24	SB-M-24-16
P011731	78	151	b	1	Differential Equations	MTH-12-JEE-24	SB-M-24-16
P011736	110	478	a	2	Differential Equations	MTH-12-JEE-24	SB-M-24-16
P011739	88	709	a	2	Differential Equations	MTH-12-JEE-24	SB-M-24-16
P011746	122	1455	d	2	Differential Equations	MTH-12-JEE-24	SB-M-24-16
P011751	96	366	d	2	Differential Equations	MTH-12-JEE-24	SB-M-24-16
P011752	77	140	c	1	Differential Equations	MTH-12-JEE-24	SB-M-24-16
P011753	84	273	c	1	Differential Equations	MTH-12-JEE-24	SB-M-24-16
P011767	88	883	a	2	Differential Equations	MTH-12-JEE-24	SB-M-24-16
P011769	255	309	d	2	Differential Equations	MTH-12-JEE-24	SB-M-24-16
P011771	164	438	a	3	Differential Equations	MTH-12-JEE-24	SB-M-24-16
P011773	63	424	a	2	Differential Equations	MTH-12-JEE-24	SB-M-24-16
P011775	123	253	b	1	Differential Equations	MTH-12-JEE-24	SB-M-24-16
P011779	49	1227	b	3	Differential Equations	MTH-12-JEE-24	SB-M-24-16
P011781	115	939	a	2	Differential Equations	MTH-12-JEE-24	SB-M-24-16
P012987	105	330	d	2	Vector Algebra	MTH-12-JEE-25	SB-M-25-16
P012988	112	310	a	1	Vector Algebra	MTH-12-JEE-25	SB-M-25-16
P012990	189	486	d	2	Vector Algebra	MTH-12-JEE-25	SB-M-25-16
P012992	197	689	c	2	Vector Algebra	MTH-12-JEE-25	SB-M-25-16
P012993	225	15490	b	2	Vector Algebra	MTH-12-JEE-25	SB-M-25-16
P012995	156	14283	b	2	Vector Algebra	MTH-12-JEE-25	SB-M-25-16
P013000	180	413	c	2	Vector Algebra	MTH-12-JEE-25	SB-M-25-16
P013001	245	5557	a	1	Vector Algebra	MTH-12-JEE-25	SB-M-25-16
P013002	385	462	b	2	Vector Algebra	MTH-12-JEE-25	SB-M-25-16
P013003	96	351	b	1	Vector Algebra	MTH-12-JEE-25	SB-M-25-16
P013004	100	352	b	2	Vector Algebra	MTH-12-JEE-25	SB-M-25-16
P013006	158	435	d	3	Vector Algebra	MTH-12-JEE-25	SB-M-25-16
P013009	169	487	c	2	Vector Algebra	MTH-12-JEE-25	SB-M-25-16
P013010	256	340	a	3	Vector Algebra	MTH-12-JEE-25	SB-M-25-16
P013012	134	363	d	3	Vector Algebra	MTH-12-JEE-25	SB-M-25-16
P015862	223	370	a	2	3 Dimensional Geometry	MTH-12-JEE-26	SB-M-26-16
P015864	203	144	b	1	3 Dimensional Geometry	MTH-12-JEE-26	SB-M-26-16
P015869	195	390	b	3	3 Dimensional Geometry	MTH-12-JEE-26	SB-M-26-16
P015872	115	432	b	2	3 Dimensional Geometry	MTH-12-JEE-26	SB-M-26-16
P015875	206	468	c	2	3 Dimensional Geometry	MTH-12-JEE-26	SB-M-26-16
P015877	187	321	c	2	3 Dimensional Geometry	MTH-12-JEE-26	SB-M-26-16
P015882	136	403	b	2	3 Dimensional Geometry	MTH-12-JEE-26	SB-M-26-16
P015888	379	814	a	2	3 Dimensional Geometry	MTH-12-JEE-26	SB-M-26-16
P015893	67	713	c	1	3 Dimensional Geometry	MTH-12-JEE-26	SB-M-26-16
P015923	181	376	c	3	3 Dimensional Geometry	MTH-12-JEE-26	SB-M-26-16
P015925	424	359	a	1	3 Dimensional Geometry	MTH-12-JEE-26	SB-M-26-16
P015930	131	503	b	2	3 Dimensional Geometry	MTH-12-JEE-26	SB-M-26-16
P015932	69	665	d	2	3 Dimensional Geometry	MTH-12-JEE-26	SB-M-26-16
P015935	87	534	b	2	3 Dimensional Geometry	MTH-12-JEE-26	SB-M-26-16
P015937	139	20104	d	3	3 Dimensional Geometry	MTH-12-JEE-26	SB-M-26-16
P016707	197	11109	d	2	Probability	MTH-12-JEE-27	SB-M-27-16
P016709	128	454	d	2	Probability	MTH-12-JEE-27	SB-M-27-16
P016711	216	12849	d	2	Probability	MTH-12-JEE-27	SB-M-27-16
P016712	322	411	c	3	Probability	MTH-12-JEE-27	SB-M-27-16
P016715	166	404	a	1	Probability	MTH-12-JEE-27	SB-M-27-16
P016716	132	407	a	3	Probability	MTH-12-JEE-27	SB-M-27-16
P016717	201	367	c	1	Probability	MTH-12-JEE-27	SB-M-27-16
P016718	253	434	c	2	Probability	MTH-12-JEE-27	SB-M-27-16
P016719	256	1392	d	3	Probability	MTH-12-JEE-27	SB-M-27-16
P016720	141	310	b	2	Probability	MTH-12-JEE-27	SB-M-27-16
P016722	195	520	c	2	Probability	MTH-12-JEE-27	SB-M-27-16
P016724	191	280	a	3	Probability	MTH-12-JEE-27	SB-M-27-16
P016725	137	395	d	2	Probability	MTH-12-JEE-27	SB-M-27-16
P016726	240	483	c	2	Probability	MTH-12-JEE-27	SB-M-27-16
P016728	200	121	b	1	Probability	MTH-12-JEE-27	SB-M-27-16
